J,M1,M2,M3,M4,M5,M6,M7,M8,target
0.005222974625892401,0.01336208263839156,-0.04486322168137047,0.02999456245121204,-0.02882010580939276,0.43485679813352524,-0.6270517984807386,0.9685428296126968,-0.3917140168271166,1.0
0.005170740676284066,0.13371515482385632,-0.22019066347112104,0.22373874356791573,-0.25606328275941764,0.5865695877274418,-0.5124597507447994,0.004798066432964199,-0.6914366831454263,1.0
0.005167246853594325,0.6237363745490182,-0.6813717177505653,0.09831566703088723,-0.48043461159351364,0.37392342168490367,-0.45931353793640095,0.2587480324402078,-0.6026597963083757,1.0
0.0013996918605460474,-0.11056127926059856,0.11546901927435282,0.0006336352075045375,0.3278914999509962,0.2048323893171442,-0.16355620709074747,-0.018343045147371298,-0.49267120310132306,1.0
0.0069973155058030536,0.4851695658053563,-0.3022317583659613,0.9999986194010037,-0.3896510643587877,0.6571334939725522,-0.6944512989385805,0.090908250617481,-0.6006662844599614,1.0
0.007169820415256255,0.27843084222775394,-0.21979177717835752,0.10254229310797523,-0.48613476319763155,0.724674983744841,-0.7170411799856415,0.00030863355390550046,-0.5432774164369323,1.0
0.006307223310139144,0.5381479236891269,-0.5017463283665375,0.03990795712329704,-0.5590570719229501,0.6168137454320395,-0.5910344649697137,-0.016137485194500797,-0.6759522217793706,1.0
-0.0001625098120146256,0.19991785912840532,-0.28305806698449487,0.2065994420763969,-0.36907302145897736,-0.01627080573433337,0.07826647693809019,-0.0021021045076384977,0.04917472619329666,-1.0
0.0012548904730721264,0.7722393905548015,-0.7884503413714837,0.0075151994773441375,-0.27949369986287526,-0.08310037169550877,0.10314212877182272,-0.0169872263970705,0.266393198567478,1.0
0.0016687993983570074,0.5647076402697293,-0.6300615746777792,0.12669805240440732,-0.5257379024451452,0.04679573436810025,-0.04073761999544323,-0.006110529729127099,-0.1363243697833426,1.0
0.007344192676195025,-0.0498922318442796,0.034520998126278735,0.007280486477200137,0.14042731755661164,0.8012541681009454,-0.7076638021090826,0.0334401751396695,-0.3976547155264527,1.0
0.0075537912325175744,0.052850638845620246,-0.018234324604058272,0.03538743426958124,-0.12425861331445803,0.8010507612977702,-0.733740590594679,-0.005938157102670099,-0.41140919431972367,1.0
0.0047584751700553134,-0.03183877015748671,-0.00732739500936852,0.04632675670687724,0.09613932382553914,0.5588219442908753,-0.49022926491640645,-0.0017168270611170981,-0.7093323970695641,1.0
0.002036477053558831,0.5779027699170745,-0.5075905346579977,0.1483479024613016,-0.511872491399851,0.18087906509365403,-0.065650243107651,0.1052467474012231,-0.4074329722112114,1.0
0.0005234662678560396,-0.134745254778612,0.13433947353692277,1.3983228215023214e-05,0.40906441440996977,0.1413938060020653,-0.061658634728067874,0.0209759678115097,-0.3567232505472931,1.0
-0.00019909870798981086,-0.12141405844356401,0.11617448414186837,0.0009149749645222376,0.3640026654553532,0.02866818960991091,0.008205044430018793,-0.0188884402478939,-0.09027417015541794,-1.0
-0.00019264149786783064,0.027134034869801704,0.04039736593034915,0.13528473113207043,-0.042757512047289614,-0.00028511722838231446,0.03610976170721292,-0.0190048886247839,-0.00558257016523267,-1.0
0.0029616704039936827,0.7252805227632056,-0.7019396315877845,0.016682052876698838,-0.3609360041965166,0.3489226393510454,-0.11378899717556634,0.7298951730616932,-0.4240553320976222,1.0
0.0075476752444815515,0.43951209657896634,-0.2861919348950741,0.7023073356867621,-0.452243965727106,0.7072341542623286,-0.7652564560020293,0.16067454352133248,-0.5143960516658923,1.0
0.000594180328742892,0.24549435615413773,-0.18915981598602605,0.09455926830272754,-0.4516310414753375,0.021731496065729883,-0.009155980104293526,-0.0120088626665206,-0.06811941775558239,1.0
0.00014584946331712076,0.4967636162685673,-0.47724969780708604,0.011525718479250038,-0.5816206048420665,-0.07985803248250178,0.12506480721197855,-0.0155394355734816,0.2554559861201048,1.0
0.008660923544915447,0.7996455588000086,-0.79338817776211,0.0013046803663791374,-0.2261278619851833,0.840547320767313,-0.7937239105295062,-0.018673163405407398,-0.332130987995299,1.0
0.0032945833315986203,0.7804033918169662,-0.7437934545891972,0.04074640901340254,-0.2571418425464945,0.21125621955417395,-0.14436983315635843,0.0007552989387578993,-0.49721057700099847,1.0
0.008989834959949174,-0.12668392960594077,0.12638722628255517,9.458314679108447e-06,0.38158226462950573,0.8829272151348571,-0.8527395287451692,-0.0168306207097782,-0.23096133323807522,1.0
0.00578159631862435,0.7602546700925421,-0.7196163507459382,0.05007894496857114,-0.29358235649634284,0.5061308896700638,-0.4626903913366839,-0.018616668828331,-0.731600905001295,1.0
0.003503278389651883,-0.00938609715662353,-0.009637594051540188,0.011050125952666138,0.027207035953425662,0.3091070615192576,-0.42045371496863904,0.3863861978722027,-0.502352307544372,1.0
0.0021968626908053833,0.42542794225429953,-0.5113221054847492,0.21967157808296522,-0.5461350319511782,0.3645814861561677,-0.09831135835056515,0.9807164722473783,-0.3513171268384725,1.0
0.006912588449177181,-0.09286843603446582,0.07210318749827715,0.013215890928467738,0.27308031304155,0.7134884788300458,-0.7221780382007886,0.0249494514843823,-0.5514868105787786,1.0
0.005292751354851607,0.11103626052012538,-0.011536794023472074,0.29459002503548803,-0.1985983220098662,0.431605766322092,-0.6202933627957167,0.9382029223536288,-0.4010022653914863,1.0
-5.223394960833516e-05,0.12035307218546476,-0.17532744178975057,0.19374418111670372,-0.22724317695002488,0.1517127895939166,0.11459204773593912,-0.9637447631797326,-0.2997226663183097,-1.0
-5.572777229807639e-05,0.6103742919106266,-0.6365084960691948,0.06832110457967519,-0.4516145057841209,-0.06093337644862157,0.1677382605443376,-0.709794797172489,-0.2109457794812591,-1.0
-0.003823282765346354,-0.12392336189899011,0.1603322409557233,-0.0293609272437075,0.35671160576038896,-0.23002440881638103,0.4634955913899911,-0.9868858747600681,-0.1009571862742065,-1.0
0.0017743408799106523,0.47180748316696475,-0.2573685366845908,0.9700040569497916,-0.36083095854939495,0.22227669583902698,-0.06739950045784199,-0.8776345789952157,-0.2089522676328448,1.0
0.0019468457893638542,0.2650687595893624,-0.17492855549698705,0.07254773065676319,-0.4573146573882388,0.28981818561131567,-0.08998938150490299,-0.9682341960587912,-0.15156339960981569,1.0
0.0010842486842467434,0.5247858410507353,-0.4568831066851671,0.009913394672085001,-0.5302369661135573,0.1819569472985142,0.03601733351102482,-0.9846803148071975,-0.2842382049522541,1.0
-0.005385484437907027,0.18655577649001376,-0.2381948453031244,0.1766048796251849,-0.3402529156495846,-0.4511276038678586,0.7053182754188287,-0.9706449341203353,0.44088874302041325,-1.0
-0.003968084152820275,0.75887730791641,-0.7435871196901133,-0.0224793629738679,-0.2506735940534825,-0.517957169829034,0.7301939272525613,-0.9855300560097673,0.6581072153945946,-1.0
-0.003554175227535394,0.5513455576313377,-0.5851983529964088,0.09670348995319529,-0.49691779663575236,-0.388061063765425,0.5863141784852953,-0.9746533593418238,0.255389647043774,-1.0
0.002121218050302623,-0.06325431448267116,0.0793842198076492,-0.0227140759740119,0.1692474233660044,0.36639736996742023,-0.08061200362834409,-0.9351026544730272,-0.005940698699336111,1.0
0.002330816606625173,0.03948855620722869,0.026628897077312197,0.005392871818369203,-0.09543850750506527,0.366193963164245,-0.10668879211394039,-0.9744809867153669,-0.019695177492607074,1.0
-0.00046449945583708786,-0.045200852795878266,0.03753582667200195,0.016332194255665202,0.1249594296349319,0.12396514615734999,0.1368225335643321,-0.9702596566738139,-0.3176183802424475,-1.0
-0.0031864975723335702,0.5645406872786829,-0.4627273129766273,0.11835334001008958,-0.48305238559045827,-0.2539777330398712,0.5614015553730876,-0.8632960822114737,-0.01571895538409479,-1.0
-0.004699508358036362,-0.14810733741700355,0.17920269521829324,-0.029980579222997013,0.4378845202193625,-0.29346299213145993,0.5653931637526707,-0.947566861801187,0.034990766279823504,-1.0
-0.005422073333882212,-0.13477614108195557,0.16103770582323884,-0.0290795874866898,0.39282277126474596,-0.4061886085236143,0.6352568429107573,-0.9874312698605906,0.30143984667169865,-1.0
-0.005415616123760232,0.013771952231410145,0.08526058761171962,0.1052901686808584,-0.013937406237896854,-0.43514191536190755,0.6631615601879515,-0.9875477182374807,0.3861314466618839,-1.0
-0.0022613042218987186,0.7119184401248141,-0.657076409906414,-0.013312509574513201,-0.33211589838712385,-0.08593415878247984,0.5132628013051722,-0.23864765655100362,-0.0323413152705056,-1.0
0.0023247006185891502,0.4261500139405748,-0.24132871321370364,0.67231277323555,-0.42342385991771325,0.2723773561288034,-0.13820465752129069,-0.8078682860913642,-0.12268203483877571,1.0
-0.004628794297149509,0.23213227351574617,-0.14429659430465558,0.0645647058515155,-0.42281093566594474,-0.41312530206779535,0.617895818376445,-0.9805516922792173,0.3235945990715342,-1.0
-0.0050771251625752805,0.48340153363017574,-0.43238647612571557,-0.018468843971962003,-0.5528004990326737,-0.514714830616027,0.7521166056927171,-0.9840822651861784,0.6471700029472214,-1.0
0.003437948919023046,0.7862834761616171,-0.7485249560807395,-0.0286898820848329,-0.19730775617579055,0.4056905226337877,-0.1666721120487677,-0.9872159930181041,0.0595830288318176,1.0
-0.001928391294293781,0.7670413091785746,-0.6989302329078267,0.010751846562190501,-0.22832173673710177,-0.22360057857935128,0.4826819653243801,-0.9677875306739389,-0.1054965601738819,-1.0
0.003766860334056773,-0.14004601224433233,0.17125044796392563,-0.02998510413653293,0.4104023704388985,0.44807041700133177,-0.2256877302644307,-0.9853734503224749,0.16075268358904138,1.0
0.0005586216927319487,0.7468925874541505,-0.6747531290645677,0.0200843825173591,-0.2647622506869501,0.07127409153653852,0.16436140714405467,-0.9871594984410277,-0.3398868881741785,1.0
-0.0017196962362405182,-0.02274817979501509,0.03522562762983028,-0.0189444364985459,0.05602714176281842,-0.12574973661426764,0.20659808351209952,-0.582156631740494,-0.1106382907172554,-1.0
-0.003026111935087018,0.41206585961590797,-0.4664588838033787,0.1896770156317532,-0.5173149261417853,-0.07027531197735754,0.5287404401301734,0.01217364263468157,0.0403968899886441,-1.0
0.0016896138232847793,-0.10623051867285738,0.11696640917964762,-0.0167786715227443,0.30190041885094276,0.27863168069652056,-0.0951262397200501,-0.9435933781283145,-0.159772793751662,1.0
6.977672895920606e-05,0.09767417788173383,0.033326427657898394,0.26459546258427596,-0.16977821620047345,-0.0032510318114332137,0.00675843568502188,-0.03033990725906799,-0.009288248564369717,1.0
-3.49382268974123e-06,0.4900212197251619,-0.4611810542794442,-0.1254230765370285,-0.224371328834096,-0.21264616604253817,0.053146212808398485,0.25394996600724357,0.08877688683705061,-1.0
-0.0037710488157380187,-0.24427643408445487,0.33565968274547386,-0.2231051083604112,0.5839547827104139,-0.38173719841029763,0.34890354365405196,-0.023141111580335497,0.19876548004410322,-1.0
0.0018265748295189874,0.3514544109815,-0.08204109489484024,0.7762598758330879,-0.1335877815993701,0.07056390624511039,-0.1819915481937811,0.0861101841845168,0.0907703986854649,1.0
0.0019990797389721894,0.14471568740389762,0.00039888629276352283,-0.12119645045994051,-0.2300714804382139,0.1381053960173991,-0.2045814292408421,-0.004489432879058699,0.148159266708494,1.0
0.0011364826338550785,0.4044327688652706,-0.2815556648954165,-0.1838307864446187,-0.30299378916353237,0.030244157704597596,-0.0785747142249143,-0.020935551627465,0.0154844613660556,1.0
-0.005333250488298692,0.066202704304549,-0.06286740351337383,-0.01713930149151882,-0.11300973869955969,-0.6028403934617752,0.5907262276828896,-0.006900170940602697,0.7406114093387229,-1.0
-0.00391585020321194,0.6385242357309452,-0.5682596779003627,-0.2162235440905716,-0.023430417103457613,-0.6696699594229506,0.6156018795166222,-0.0217852928300347,0.9578298817129043,-1.0
-0.0035019412779270587,0.430992485445873,-0.4098709112066582,-0.09704069116350841,-0.2696746196857275,-0.5397738533593416,0.4717221307493562,-0.010908596162091298,0.5551123133620837,-1.0
0.002173451999910958,-0.18360738666813592,0.2547116615973998,-0.21645825709071562,0.3964906003160293,0.2146845803735036,-0.1952040513642832,0.028642108706705298,0.29378196761897357,1.0
0.0023830505562335083,-0.08086451597823607,0.20195633886706277,-0.1883513092983345,0.1318046694449596,0.2144811735703284,-0.2212808398498795,-0.010736223535634299,0.2800274888257026,1.0
-0.0004122655062287527,-0.16555392498134303,0.21286326846175252,-0.1774119868610385,0.3522026065849568,-0.027747643436566605,0.022230485828392987,-0.0065148934940812975,-0.0178957139241378,-1.0
-0.003134263622725235,0.4441876150932181,-0.2873998711868767,-0.07539084110661412,-0.2558092086404334,-0.4056905226337878,0.44680950763714844,0.1004486809682589,0.2840037109342149,-1.0
-0.0046472744084280265,-0.2684604096024683,0.3545301370080438,-0.22372476033970073,0.6651276971693874,-0.44517578172537653,0.45080111601673156,0.016177901378545502,0.3347134325981332,-1.0
-0.005369839384273877,-0.25512921326742033,0.3363651476129894,-0.2228237686033935,0.6200659482147708,-0.5579013981175309,0.5206647951748182,-0.0236865066808581,0.6011625129900083,-1.0
-0.005363382174151897,-0.10658111995405462,0.2605880294014702,-0.0884540124358453,0.21330577071212803,-0.5868547049558241,0.5485695124520124,-0.0238029550577481,0.6858541129801936,-1.0
-0.0022090702722903834,0.5915653679393493,-0.48174896811666346,-0.2070566906912169,-0.104872721437099,-0.23764694837639644,0.3986707535692331,0.725097106628729,0.2673813510478041,-1.0
0.0023769345681974854,0.30579694175511,-0.06600127142395307,0.4785685921188463,-0.1961806829676884,0.1206645665348868,-0.2527967052572298,0.1558764770883683,0.17704063147953397,1.0
-0.004576560347541174,0.11177920133028141,0.031030847485094992,-0.1291794752651882,-0.1955677587159199,-0.564838091661712,0.5033037706405059,-0.0168069290994848,0.6233172653898439,-1.0
-0.005024891212966945,0.363048461444711,-0.257059034335965,-0.2122130250886657,-0.3255573220826488,-0.6664276202099436,0.637524557956778,-0.0203375020064458,0.9468926692655311,-1.0
0.0034901828686313813,0.6659304039761524,-0.573197514290989,-0.2224340632015366,0.029935420774234334,0.2539777330398711,-0.2812641597847068,-0.023471229838371598,0.3593056951501273,1.0
-0.0018761573446854458,0.6466882369931098,-0.5236027911180762,-0.1829923345545132,-0.0010785597870768826,-0.3753133681732679,0.368089917588441,-0.0040427674942063,0.1942261061444278,-1.0
0.003819094283665108,-0.2603990844297971,0.3465778897536762,-0.22372928525323663,0.6376455473889233,0.2963576274074152,-0.3402797780003698,-0.0216286871427424,0.46047534990735106,1.0
0.0006108556423402838,0.6265395152686858,-0.4994256872748172,-0.1736597985993446,-0.0375190737369252,-0.08043869805737808,0.049769359408115554,-0.0234147352612952,-0.0401642218558688,1.0
-0.001667462286632183,-0.14310125198047985,0.21055306941958085,-0.2126886176152496,0.2832703187128433,-0.27746252620818423,0.0920060357761604,0.3815881314392385,0.1890843756010543,-1.0
-0.002973877985478683,0.2917127874304432,-0.2911314420136281,-0.004067165484950508,-0.2900717491917605,-0.22198810157127413,0.4141483923942343,0.9759184058144141,0.3401195563069538,-1.0
0.0017418477728931145,-0.22658359085832214,0.2922938509693982,-0.210522852639448,0.5291435958009676,0.126918891102604,-0.20971828745598922,0.0201513850514181,0.1399498725666477,1.0
0.00012201067856754122,-0.022678894303730934,0.20865386944764897,0.07085128146757227,0.05746496074955143,-0.1549638214053498,-0.10783361205091724,0.9334048559206646,0.29043441775393997,1.0
-0.0037675549930482775,-0.7342976538096168,0.7968407370249181,-0.0976820318233827,0.8083261115445098,-0.16909103236775946,0.2957573308456535,-0.27709107758757906,0.10998859320705259,-1.0
0.0018300686522087287,-0.1385668087436619,0.379139959384604,0.9016829523701164,0.0907835472347259,0.28321007228764855,-0.2351377610021796,-0.1678397818227268,0.0019935118484142866,1.0
0.0020025735616619306,-0.34530553232126426,0.46157994057220775,0.004226626077088,-0.005700151604117895,0.3507515620599373,-0.2577276420492406,-0.2584393988863023,0.0593823798714434,1.0
0.0011399764565448198,-0.08558845085989131,0.1796253893840277,-0.05840770990759019,-0.0786224603294364,0.24289032374713576,-0.13172092703331278,-0.2748855176347086,-0.07329242547099502,1.0
-0.0053297566656089505,-0.4238185154206129,0.3983136507660704,0.10828377504550969,0.11136159013453631,-0.39019422741923704,0.5375800148744911,-0.2608501369478463,0.6518345225016724,-1.0
-0.0039123563805221985,0.1485030160057833,-0.1070786236209185,-0.0908004675535431,0.20094091173063838,-0.45702379338041244,0.5624556667082237,-0.2757352588372783,0.8690529948758536,-1.0
-0.0034984474552373175,-0.0590287342792889,0.051310143072786,0.0283823853735201,-0.0453032908516315,-0.3271276873168034,0.4185759179409577,-0.2648585621693349,0.46633542652503307,-1.0
0.0021769458226006994,-0.6736286063932978,0.715892715876844,-0.09103518055368709,0.6208619291501253,0.42733074641604174,-0.2483502641726817,-0.2253078573005383,0.20500508078192298,1.0
0.0023865443789232495,-0.570885735703398,0.663137393146507,-0.06292823276130599,0.3561759982790556,0.42712733961286653,-0.274427052658278,-0.26468618954287787,0.191250601988652,1.0
-0.00040877168353901146,-0.6555751447065049,0.6740443227411967,-0.05198891032400999,0.5765739354190528,0.18489852260597156,-0.030915726980005498,-0.26046485950132486,-0.10667260076118841,-1.0
-0.003130769800035494,-0.0458336046319438,0.1737811830925675,0.05003223543041439,-0.03143787980633739,-0.19304435659124963,0.39366329482874995,-0.1535012850389847,0.1952268240971643,-1.0
-0.004643780585738285,-0.7584816293276302,0.815711191287488,-0.09830168380267221,0.8894990260034834,-0.23252961568283836,0.3976549032083331,-0.2377720646286981,0.2459365457610826,-1.0
-0.005366345561584136,-0.7451504329925822,0.7975462018924336,-0.097400692066365,0.8444372770488668,-0.34525523207499276,0.46751858236641974,-0.2776364726881017,0.5123856261529578,-1.0
-0.0053598883514621555,-0.5966023396792165,0.7217690836809144,0.03696906410118321,0.437677099546224,-0.374208538913286,0.49542329964361387,-0.27775292106499166,0.597077226143143,-1.0
-0.002205576449600642,0.10154414821418742,-0.020567913837219287,-0.08163361415418839,0.119498607396997,-0.025000782333858274,0.3455245407608346,0.4711471406214853,0.1786044642107535,-1.0
0.0023804283908872266,-0.18422427797005186,0.39517978285549116,0.6039916686558748,0.0281906458664076,0.33331073257742494,-0.3059429180656283,-0.0980734889188753,0.08826374464248338,1.0
-0.004573066524851433,-0.3782420183948805,0.4922119017645392,-0.0037563987281596933,0.02880357011817611,-0.3521919256191738,0.4501575578321074,-0.2707568951067284,0.5345403785527933,-1.0
-0.005021397390277204,-0.1269727582804509,0.2041220199434792,-0.0867899485516372,-0.10118599324855279,-0.45378145416740545,0.5843783451483795,-0.27428746801368936,0.8581157824284804,-1.0
0.0034936766913211226,0.1759091842509905,-0.11201646001154479,-0.0970109866645081,0.25430674960833033,0.46662389908240925,-0.3344103725931053,-0.2774211958456152,0.2705288083130767,1.0
-0.0018726635219957046,0.15666701726794802,-0.06242173683863199,-0.05756925801748469,0.2232927690470191,-0.16266720213072972,0.3149437047800425,-0.2579927335014499,0.10544921930737719,-1.0
0.0038225881063548494,-0.750420304154959,0.8077589440331204,-0.09830620871620813,0.8620168762230194,0.5090037934499534,-0.3934259908087683,-0.275578653149986,0.37169846307030047,1.0
0.000614349465030025,0.1365182955435239,-0.03824463299537298,-0.04823672206231609,0.1868522550971708,0.1322074679851601,-0.003376853400282931,-0.2773647012685388,-0.12894110869291942,1.0
-0.0016639684639424418,-0.6331224717056417,0.6717341236990251,-0.0872655410782211,0.5076416475469393,-0.06481636016564607,0.038859822967761914,0.1276381654319949,0.1003074887640037,-1.0
-0.0029703841627889416,-0.19830843229471867,0.17004961226581608,0.121355911052078,-0.06570042035766449,-0.009341935528735967,0.3610021795858358,0.7219684398071705,0.2513426694699032,-1.0
0.0017453415955828557,-0.716604810583484,0.7534749052488424,-0.08509977610241949,0.7535149246350636,0.3395650571451422,-0.2628645002643877,-0.23379858095582548,0.05117298572959708,1.0
0.00012550450125728245,-0.5127001140288928,0.6698349237270932,0.1962743580046008,0.2818362895836474,0.057682344637188354,-0.16097982485931572,0.679454889913421,0.20165753091688937,1.0
0.005597623645257006,0.5957308450659549,-0.4177007776403141,0.9993649841934991,-0.7175425643097839,0.452301104655408,-0.530895091847833,0.1092512957648523,-0.1079950813586383,1.0
0.005770128554710208,0.3889921214883525,-0.33526079645271034,0.1019086579004707,-0.8140262631486277,0.5198425944276968,-0.5534849728948941,0.0186516787012768,-0.05060621333560919,1.0
0.004907531449593097,0.6487092029497254,-0.6172153476408904,0.0392743219157925,-0.8869485718739463,0.4119813561148952,-0.42747825787896626,0.0022055599528705,-0.1832810186780476,1.0
-0.001562201672560673,0.3104791383890039,-0.3985270862588477,0.20596580686889238,-0.6969645214099736,-0.22110319505147757,0.24182268402883766,0.0162409406397328,0.5418459292946197,-1.0
-0.00014480138747392096,0.8828006698154001,-0.9039193606458366,0.0068815642698396,-0.6073851998138715,-0.28793276101265297,0.2666983358625702,0.0013558187503008002,0.7590644016688011,-1.0
0.00026910753781096003,0.6752689195303279,-0.7455305939521321,0.12606441719690278,-0.8536294023961414,-0.15803665494904395,0.12281858709530424,0.0122325154182442,0.35634683331798045,1.0
0.005944500815648977,0.060669047416318955,-0.08094802114807409,0.0066468512696956,-0.18746418239438456,0.5964217787838012,-0.5441075950183352,0.0517832202870408,0.09501648757487038,1.0
0.006154099371971527,0.1634119181062188,-0.1337033438784111,0.03475379906207671,-0.45215011326545423,0.596218371980626,-0.5701843835039315,0.0124048880447012,0.08126200878159942,1.0
0.003358783309509266,0.07872250910311185,-0.12279641428372134,0.0456931214993727,-0.23175217612545707,0.353989554973731,-0.326673057825659,0.0166262180862542,-0.21666119396824102,1.0
0.0006367851930127837,0.688464049177673,-0.6230595539323506,0.14771426725379708,-0.8397639913508472,-0.02395332422349017,0.09790596398309648,0.1235897925485944,0.0852382308901117,1.0
-0.0008762255926900078,-0.024183975518013434,0.018870454262569947,-0.0006196519792895143,0.08117291445897357,-0.0634385833150789,0.1018975723626796,0.039319012958881,0.13594795255403,-1.0
-0.0015987905685358583,-0.010852779182965455,0.0007054648675155484,0.00028133975701770007,0.036111165504357,-0.1761641997072333,0.17176125152076627,-0.0005453951005226,0.4023970329459051,-1.0
-0.001592333358413878,0.13769531413040026,-0.07507165334400367,0.1346510959245659,-0.3706490119982858,-0.20511750654552652,0.1996659687979604,-0.0006618434774126,0.4870886329360904,-1.0
0.0015619785434476353,0.8358418020238042,-0.8174086508621373,0.0160484176691943,-0.6888275041475128,0.1440902500339012,0.04976720991518113,0.7482382182090644,0.0686158710037009,1.0
0.006147983383935504,0.5500733758395648,-0.40166095416942693,0.7016737004792575,-0.7801354656781022,0.5024017649451844,-0.6017002489112818,0.1790175886687038,-0.021724848564569216,1.0
-0.0008055115318031554,0.3560556354147363,-0.30462883526037887,0.093925633095223,-0.7795225414263337,-0.18310089325141432,0.15440022698645395,0.0063341824808507,0.4245517853457407,-1.0
-0.0012538423972289266,0.6073248955291659,-0.5927187170814389,0.0108920832717455,-0.9095121047930627,-0.284690421799646,0.288621014302726,0.0028036095738897,0.7481271892214278,-1.0
0.0072612316843694,0.9102068380606072,-0.9088571970364628,0.0006710451588746,-0.5540193619361795,0.6357149314501688,-0.6301677034387587,-0.0003301182580361,0.1605402151060241,1.0
0.001894891471052573,0.8909646710775647,-0.85926247386355,0.040112773805898005,-0.5850333424974907,0.006423830237029748,0.019186373934389045,0.019098344086129197,-0.004539373899675403,1.0
0.007590143099403127,-0.016122650345342215,0.01091820700820234,-0.0006241768928254291,0.05369076467850953,0.6780948258177129,-0.6891833216544218,0.0015124244375930998,0.26170986986324785,1.0
0.0043819044580783026,0.8708159493531407,-0.835085370020291,0.049445309761066605,-0.621473856447339,0.30129850035291955,-0.2991341842459364,-0.00027362368095970005,-0.238929701899972,1.0
0.0021035865291058357,0.10117518210397503,-0.125106613325893,0.0104164907451616,-0.30068446399757054,0.1042746722021134,-0.25689750787789156,0.40472924301957397,-0.009681104443048899,1.0
0.0007971708302593359,0.535989221514898,-0.626791124759102,0.2190379428754607,-0.8740265319021743,0.1597490968390235,0.06524484874018233,0.9990595173947496,0.1413540762628506,1.0
0.005512896588631133,0.017692843226132737,-0.04336583177607567,0.0125822557209632,-0.0548111869094462,0.5086560895129016,-0.5586218311100412,0.0432924966317536,-0.05881560747745551,1.0
0.00389305949430556,0.22159753978072394,-0.1270058132978249,0.2939563898279835,-0.5264898219608625,0.22677337700494782,-0.4567371557049692,0.9565459675010001,0.09166893770983678,1.0
0.00017250490945320196,-0.20673872357760237,0.08243998118760376,-0.8974563262930284,-0.09648369883884379,0.06754148977228872,-0.022589881047061,-0.0905996170635755,0.057388868023029116,1.0
-0.0006900921956639089,0.05297835788377059,-0.19951457000057626,-0.9600906622777066,-0.1694060075641623,-0.04031974854051279,0.1034168339688668,-0.1070457358119818,-0.0752859373194093,-1.0
-0.007159825317817679,-0.285251706676951,0.019173691381466407,-0.7933991773246067,0.02057804289981041,-0.6734042997068856,0.7727177758766708,-0.0930103551251195,0.649841010653258,-1.0
-0.005742425032730927,0.2870698247494452,-0.48621858300552245,-0.9924834199236595,0.11015736449591249,-0.7402338656680609,0.7975934277104033,-0.1078954770145515,0.8670594830274394,-1.0
-0.005328516107446046,0.079538074464373,-0.32782981631181796,-0.8733005669965963,-0.1360868380863574,-0.6103377596044519,0.6537136789431373,-0.0970187803466081,0.4643419146766188,-1.0
0.0003468771703919707,-0.5350617976496359,0.33675275649224,-0.9927181329238035,0.5300783819153994,0.14412067412839322,-0.013212503170502099,-0.057468075477811506,0.2030115689335087,1.0
0.0005564757267145209,-0.43231892695973606,0.283997433761903,-0.9646111851314224,0.26539245104432974,0.143917267325218,-0.0392892916560984,-0.0968464077201511,0.18925709014023773,1.0
-0.00223884033574774,-0.517008335962843,0.29490436335659276,-0.9536718626941264,0.48579038818432685,-0.09831154968167699,0.2042220340221741,-0.0926250776785981,-0.1086661126096027,-1.0
-0.0049608384522442225,0.09273320411171809,-0.20535877629203647,-0.8516507169397021,-0.12222142704106329,-0.4762544288788982,0.6288010558309296,0.014338496783742091,0.19323331224875,-1.0
-0.006473849237947014,-0.6199148205839683,0.43657123190288405,-0.9999846361727887,0.7987154787687575,-0.515739687970487,0.6327926642105126,-0.0699322828059713,0.2439430339126683,-1.0
-0.007196414213792864,-0.6065836242489203,0.41840624250782965,-0.9990836444364815,0.7536537298141409,-0.6284653043626414,0.7026563433685993,-0.1097966908653749,0.5103921143045435,-1.0
-0.007189957003670884,-0.4580355309355546,0.34262912429631043,-0.8647138882689331,0.3468935523114981,-0.6574186112009346,0.7305610606457935,-0.10991313924226491,0.5950837142947287,-1.0
-0.004035645101809371,0.24011095695784931,-0.3997078732218232,-0.9833165665243048,0.0287150601622711,-0.3082108546215068,0.5806623017630141,0.6389869224442121,0.1766109523623392,-1.0
0.0005503597386784978,-0.04565746922638997,0.01603982347088717,-0.2976912837142416,-0.0625929013683183,0.050100660289776416,-0.07080515706344871,0.06976629290385149,0.08627023279406909,1.0
-0.006403135177060162,-0.23967520965121858,0.11307194237993523,-0.9054393510982761,-0.06197997711654979,-0.6354019979068224,0.685295318834287,-0.1029171132840016,0.532546866704379,-1.0
-0.006851466042485933,0.011594050463210992,-0.17501793944112476,-0.9884729009217536,-0.1919695404832787,-0.736991526455054,0.8195161061505591,-0.1064476861909626,0.8561222705800662,-1.0
0.001663608039112394,0.3144759929946524,-0.49115641939614874,-0.9986939390346244,0.16352320237360443,0.1834138267947607,-0.09927261159092571,-0.1095814140228884,0.2685352964646624,1.0
-0.0037027321742044332,0.2952338260116099,-0.44156169622323593,-0.9592522103876011,0.13250922181229322,-0.44587727441837827,0.5500814657822222,-0.0901529516787231,0.1034557074589629,-1.0
0.0019925194541461208,-0.6118534954112971,0.42861898464851644,-0.9999891610863245,0.7712333289882934,0.2257937211623048,-0.15828822980658871,-0.1077388713272592,0.3697049512218862,1.0
-0.0012157191871787036,0.2750851042871858,-0.41738459237997694,-0.9499196744324325,0.0960687078624449,-0.15100260430248846,0.23176090760189666,-0.109524919445812,-0.1309346205413337,-1.0
-0.0034940371161511705,-0.49455566296197984,0.2925941643144211,-0.9889484934483375,0.4168581003122134,-0.3480264324532946,0.2739975839699415,0.2954779472547217,0.09831397691558941,-1.0
-0.00480045281499767,-0.05974162355105678,-0.20909034711878788,-0.7803270413180384,-0.1564839675923904,-0.2925520078163845,0.5961399405880154,0.8898082216298973,0.2493491576214889,-1.0
-8.472705662587298e-05,-0.5780380018398221,0.37433494586423843,-0.9867827284725359,0.6627313774003377,0.0563549848574936,-0.027726739262208117,-0.06595879913309871,0.049179473881182795,-1.0
-0.0017045641509514462,-0.3741333052852309,0.2906949643424892,-0.7054085943655156,0.19105274234892153,-0.2255277276504602,0.07415793614286387,0.8472946717361477,0.19966401906847508,-1.0
-0.0008625971051171109,0.25971708146137296,-0.28195455118818,-0.06263433598467819,-0.07292230872531849,-0.1078612383128015,0.1260067150159278,-0.016446118748406298,-0.13267480534243842,-1.0
-0.007332330227270881,-0.07851298309934862,-0.06326628980613735,0.10405714896842169,0.1170617417386542,-0.7409457894791743,0.7953076569237317,-0.002410738061543998,0.5924521426302289,-1.0
-0.005914929942184129,0.49380854832704757,-0.5686585641931262,-0.0950270936306311,0.2066410633347563,-0.8077753554403497,0.8201833087574643,-0.017295859950976,0.8096706150044103,-1.0
-0.005501021016899248,0.28627679804197537,-0.4102697974994217,0.0241557592964321,-0.0396031392475136,-0.6778792493767407,0.6763035599901983,-0.006419163283032599,0.40695304665358967,-1.0
0.00017437226093876875,-0.32832307407203354,0.25431277530463625,-0.09526180663077509,0.6265620807542431,0.0765791843561045,0.009377377876558901,0.03313154158576399,0.14562270091047957,1.0
0.0003839708172613189,-0.2255802033821337,0.20155745257429925,-0.06715485883839399,0.3618761498831735,0.07637577755292929,-0.0166994106090374,-0.0062467906565756,0.1318682221172086,1.0
-0.002411345245200942,-0.31026961238524065,0.212464382168989,-0.05621553640109799,0.5822740870231706,-0.1658530394539657,0.2268119150692351,-0.0020254606150225986,-0.1660549806326318,-1.0
-0.005133343361697424,0.29947192768932046,-0.28779875747964023,0.04580560935332639,-0.025737728202219493,-0.5437959186511869,0.6513909368779905,0.10493811384731759,0.1358444442257209,-1.0
-0.0066463541474002154,-0.4131760970063659,0.3541312507152803,-0.10252830987976021,0.8951991776076013,-0.5832811777427757,0.6553825452575737,0.0206673342576042,0.1865541658896392,-1.0
-0.007368919123246066,-0.39984490067131795,0.3359662613202259,-0.101627318143453,0.8501374286529847,-0.69600679413493,0.7252462244156603,-0.0191970738017994,0.45300324628151434,-1.0
-0.007362461913124086,-0.25129680735795223,0.26018914310870667,0.03274243802409521,0.44337725115034193,-0.7249601009732233,0.7531509416928545,-0.0193135221786894,0.5376948462716996,-1.0
-0.004208150011262573,0.4468496805354517,-0.482147854409427,-0.08586024023127639,0.12519875900111488,-0.37575234439379557,0.6032521828100752,0.7295865395077876,0.11922208433931009,-1.0
0.0003778548292252958,0.1610812543512124,-0.06640015771671659,0.5997650425787868,0.033890797470525494,-0.0174408294825123,-0.04821527601638771,0.160365909967427,0.028881364771039975,1.0
-0.006575640086513363,-0.03293648607361621,0.03063196119233147,-0.007983024805247693,0.034503721722294003,-0.7029434876791111,0.707885199881348,-0.0123174962204261,0.4751579986813499,-1.0
-0.007023970951939134,0.21833277404081336,-0.2574579206287285,-0.0910165746287252,-0.0954858416444349,-0.8045330162273427,0.8421059871976201,-0.0158480691273871,0.7987334025570371,-1.0
0.001491103129659192,0.5212147165722547,-0.5735964005837525,-0.1012376127415961,0.26000690121244824,0.115872337022472,-0.07668273054386471,-0.0189817969593129,0.21114642844163328,1.0
-0.003875237083657635,0.5019725495892122,-0.5240016774108397,-0.06179588409457269,0.22899292065113702,-0.513418764190667,0.5726713468292831,0.0004466653848523988,0.04606683943593379,-1.0
0.0018200145446929188,-0.4051147718336947,0.3461790034609127,-0.10253283479329613,0.8677170278271372,0.1582522313900161,-0.13569834875952771,-0.0171392542636837,0.31231608319885706,1.0
-0.0013882240966319056,0.48182382786478817,-0.4998245735675807,-0.05246334813940409,0.1925524067012887,-0.21854409407477718,0.25435078864895766,-0.0189253023822365,-0.18832348856436282,-1.0
-0.0036665420256043724,-0.28781693938437747,0.21015418312681733,-0.0914921671553091,0.5133417991510572,-0.41556792222558336,0.2965874650170025,0.3860775643182972,0.04092510889256029,-1.0
-0.004972957724450873,0.1469971000265456,-0.29153032830639164,0.11712928497499,-0.060000268753546596,-0.36009349758867326,0.6187298216350764,0.9804078386934728,0.1919602895984598,-1.0
-0.00025723196607907494,-0.37129927826221976,0.29189496467663467,-0.08932640217950749,0.7592150762391815,-0.011186504914795115,-0.0051368582151471165,0.0246408179304768,-0.008209394141846321,-1.0
-0.0018770690604046482,-0.16739458170762855,0.20825498315488544,0.1920477319275128,0.28753644118776533,-0.29306921742274894,0.09674781718992487,0.9378942887997233,0.14227515104544597,-1.0
-0.00646973312215377,-0.3382300645607216,0.21868826138204267,0.16669148495309988,0.1899840504639727,-0.6330845511663727,0.669300941907804,0.014035380686862301,0.7251269479726673,-1.0
-0.005052332837067018,0.2340914668656746,-0.2867040130049462,-0.0323927576459529,0.27956337206007476,-0.6999141171275483,0.6941765937415365,-0.0008497412025696999,0.9423454203468487,-1.0
-0.004638423911782137,0.02655971658060241,-0.1283152463112417,0.08679009528111029,0.033319169477804896,-0.5700180110639392,0.5502968449742704,0.0100269554653737,0.539627851996028,-1.0
0.0010369693660558796,-0.5880401555334065,0.5362673264928163,-0.032627470646096904,0.6994843894795617,0.184440422668906,-0.1166293371393689,0.0495776603341703,0.278297506252918,1.0
0.0012465679223784298,-0.48529728484350665,0.48351200376247927,-0.0045205228537157985,0.434798458608492,0.1842370158657308,-0.1427061256249652,0.0101993280918307,0.26454302745964703,1.0
-0.0015487481400838312,-0.5699866938466136,0.494418933357169,0.006418799583580201,0.6551963957484892,-0.0579918011411642,0.10080520005330729,0.014420658133383701,-0.0333801752901934,-1.0
-0.004270746256580313,0.039754846227947505,-0.005844206291460208,0.10843994533800458,0.047184580523099005,-0.4359346803383854,0.5253842218620628,0.1213842325957239,0.2685192495681593,-1.0
-0.005783757042283105,-0.6728931784677389,0.6360858019034603,-0.039893973895082015,0.9681214863329198,-0.4754199394299741,0.5293758302416458,0.0371134530060105,0.3192289712320776,-1.0
-0.006506322018128955,-0.6595619821326909,0.6179208125084059,-0.0389929821587748,0.9230597373783033,-0.5881455558221285,0.5992395093997325,-0.0027509550533931,0.5856780516239527,-1.0
-0.006499864808006975,-0.5110138888193252,0.5421436942968867,0.0953767740087734,0.5162995598756605,-0.6170988626604217,0.6271442266769267,-0.0028674034302831,0.670369651614138,-1.0
-0.003345552906145462,0.18713259907407873,-0.20019330322124698,-0.023225904246598202,0.1981210677264334,-0.26789110608099403,0.4772454677941474,0.7460326582561939,0.2518968896817485,-1.0
0.0012404519343424067,-0.09863582711016056,0.21555439347146343,0.662399378563465,0.106813106195844,0.0904204088302892,-0.1742219910323155,0.1768120287158333,0.1615561701134784,1.0
-0.005713042981396252,-0.29265356753498917,0.3125865123805115,0.0546513111794305,0.10742603044761251,-0.5950822493663095,0.5818784848654202,0.0041286225279802,0.6078328040237883,-1.0
-0.0061613738468220235,-0.041384307420559596,0.024496630559451504,-0.028382238644047,-0.0225635329191164,-0.6966717779145413,0.7160992721816923,0.0005980496210191998,0.9314082078994754,-1.0
0.002353700234776303,0.2614976351108818,-0.29164184939557247,-0.0386032767569179,0.3329292099377667,0.2237335753352735,-0.2026894455597925,-0.0025356782109066,0.3438212337840717,1.0
-0.0030126399785405243,0.24225546812783932,-0.24204712622265967,0.0008384518901055002,0.3019152293764555,-0.4055575258778655,0.4466646318133553,0.016892784133258697,0.1787416447783722,-1.0
0.0026826116498100297,-0.6648318532950677,0.6281335546490927,-0.039898498808617934,0.9406393365524558,0.2661134697028176,-0.2617050637754555,-0.0006931355152774003,0.4449908885412955,1.0
-0.0005256269915147947,0.2221067464034152,-0.21787002237940067,0.0101709878452741,0.26547471542660717,-0.11068285576197567,0.12834407363302985,-0.0024791836338302004,-0.0556486832219244,-1.0
-0.0028039449204872616,-0.5475340208457504,0.49210873431499735,-0.028857831170630902,0.5862641078763757,-0.30770668391278183,0.1705807500010747,0.4025236830667035,0.1735999142349987,-1.0
-0.004110360619333762,-0.11271998143482737,-0.009575777118211615,0.1797636209596682,0.012922039971771902,-0.25223225927587173,0.4927231066191486,0.9968539574418791,0.3246350949408982,-1.0
0.0006053651390380359,-0.6310163597235927,0.5738495158648147,-0.026692066194829302,0.8321373849645001,0.09667473339800639,-0.13114357323107492,0.0410869366788831,0.1244654112005921,1.0
-0.0010144719552875373,-0.4271116631690015,0.49020953434306547,0.254682067912191,0.3604587499130838,-0.1852079791099474,-0.02925889782600294,0.9543404075481295,0.2749499563878844,-1.0
0.001417400285086752,0.5723215314263962,-0.5053922743869889,-0.19908424259905277,0.08957932159610207,-0.0668295659611754,0.024875651833732526,-0.014885121889432001,0.21721847237418135,1.0
0.001831309210371633,0.364789781141324,-0.34700350769328436,-0.07990138967198959,-0.15666488098616782,0.06306654010243362,-0.11900409693353342,-0.004008425221488601,-0.18549909597663927,1.0
0.00750670248820965,-0.24981009097268492,0.3175790651107736,-0.1993189555991968,0.509500339015589,0.8175249738352788,-0.7859302790471728,0.035542279647307995,-0.44682944171974937,1.0
0.0077163010445322,-0.14706722028278507,0.2648237423804366,-0.17121200780681567,0.2448144081445193,0.8173215670321036,-0.8120070675327691,-0.0038360525950316016,-0.46058392051302033,1.0
0.004920984982069939,-0.23175662928589202,0.27573067197512635,-0.1602726853695197,0.4652123452845165,0.5750927500252085,-0.5684957418544967,0.00038527744652139956,-0.7585071232628607,1.0
0.0021989868655734567,0.3779849107886691,-0.22453246767350288,-0.0582515396150953,-0.1427994699408737,0.1971498708279874,-0.1439167200457412,0.10734885190886159,-0.45660769840450804,1.0
0.0006859760798706652,-0.3346631139070173,0.41739754052141764,-0.2065854588481819,0.7781374358689471,0.15766461173639867,-0.13992511166615806,0.0230780723191482,-0.40589797674058975,1.0
-3.658889597518526e-05,-0.3213319175719693,0.39923255112636324,-0.20568446711187469,0.7330756869143306,0.04493899534424428,-0.0700614325080714,-0.0167863357402554,-0.1394488963487146,-1.0
-3.013168585320504e-05,-0.1727838242586036,0.323455432914844,-0.07131471094432648,0.32631550941168774,0.015985688505951057,-0.04215671523087727,-0.0169027841171454,-0.05475729635852933,-1.0
0.0031241802160083083,0.5253626636348003,-0.4188815646032896,-0.18991738919969808,0.008137017262460688,0.36519344508537877,-0.19205547411365653,0.7319972775693316,-0.47323005829091885,1.0
0.007710185056496177,0.23959423745056102,-0.0031338679105792355,0.49570789361036516,-0.08317094426812871,0.723504959996662,-0.8435229329401195,0.162776648028971,-0.563570777859189,1.0
0.0007566901407575176,0.04557649702573241,0.09389825099846882,-0.11204017377366939,-0.0825580200163602,0.038002301800063254,-0.08742245704238372,-0.009906758158882102,-0.11729414394887905,1.0
0.00030835927533174635,0.296845757140162,-0.19419163082259117,-0.1950737235971469,-0.2125475833830891,-0.06358722674816841,0.046798330273888356,-0.013437331065843102,0.20628125992680812,1.0
0.008823433356930073,0.5997276996716034,-0.5103301107776151,-0.2052947617100178,0.14294515947379402,0.8568181265016463,-0.8719903874675965,-0.0165710588977689,-0.38130571418859566,1.0
0.003457093143613246,0.5804855326885608,-0.46073538760470234,-0.16585303306299437,0.1119311789124828,0.22752702528850732,-0.22263631009444862,0.002857403446396397,-0.5463853031942951,1.0
0.0091523447719638,-0.3266017887343461,0.40944529326705004,-0.2065899837617178,0.7506552860884831,0.8991980208691904,-0.9310060056832594,-0.014728516202139701,-0.2801360594313719,1.0
0.0059441061306389755,0.5603368109641368,-0.43655828376144334,-0.15652049710782578,0.07549066496263449,0.5224016954043971,-0.5409568682747741,-0.016514564320692503,-0.7807756311945917,1.0
0.0036657882016665087,-0.20930395628502885,0.2734204729329547,-0.19554931612373078,0.396280057412403,0.32537786725359097,-0.4987201919067292,0.3884883023798412,-0.5515270337376686,1.0
0.002359372502820009,0.2255100831258942,-0.22826403850025428,0.013072136006568313,-0.1770620104922008,0.38085229189050107,-0.17657783528865534,0.9828185767550168,-0.40049185303176915,1.0
0.007075098261191806,-0.29278629516287114,0.355161254482772,-0.19338355114792918,0.6421533345005274,0.7297592845643792,-0.8004445151388788,0.027051555992020797,-0.6006615367720752,1.0
0.005455261166866233,-0.08888159860827993,0.2715212729610228,0.0879905829590911,0.17047469944911112,0.4478765720564254,-0.6985598397338069,0.9403050268612673,-0.45017699158478297,1.0
0.000413908925284881,-0.2075317502850722,0.1583887666937045,0.1191828529270632,-0.24624420258226987,0.12989610606360902,-0.14387974876726595,0.0108766966679434,-0.4027175683508206,1.0
0.006089302203122898,-0.8221316223990811,0.8229713394977625,-0.00023471300014400037,0.4199210174194869,0.8843545397964542,-0.8108059308809054,0.050427401536739996,-0.6640479140939307,1.0
0.006298900759445448,-0.7193887517091813,0.7702160167674255,0.027872234792237105,0.15523508654841722,0.884151132993279,-0.8368827193665016,0.0110490692944004,-0.6778023928872017,1.0
0.003503584696983187,-0.8040781607122882,0.7811229463621152,0.038811557229533104,0.3756330236884144,0.641922315986384,-0.5933713936882292,0.015270399335953401,-0.9757255956370421,1.0
0.0007815865804867046,-0.1943366206377271,0.280859806713486,0.14083270298395748,-0.23237879153697577,0.2639794367891628,-0.1687923718794737,0.1222339737982936,-0.6738261707786894,1.0
-0.0007314242052160868,-0.9069846453334135,0.9227898149084065,-0.007501216249129115,0.688558114272845,0.22449417769757407,-0.1648007634998906,0.0379631942085802,-0.6231164491147712,-1.0
-0.0014539891810619373,-0.8936534489983655,0.9046248255133521,-0.0066002245128218996,0.6434963653182284,0.11176856130541968,-0.09493708434180392,-0.0019012138508234001,-0.35666736872289595,-1.0
-0.001447531970939957,-0.7451053556849998,0.8288477073018329,0.1277695316547263,0.23673618781558564,0.08281525446712645,-0.0670323670646098,-0.0020176622277134,-0.2719757687327107,-1.0
0.0017067799309215563,-0.04695886779159589,0.08651070978369921,0.0091668533993547,-0.08144230433364139,0.43202301104655416,-0.21693112594738906,0.7468823994587637,-0.6904485306651003,1.0
0.006292784771409425,-0.33272729397583517,0.5022584064764096,0.6947921362094179,-0.17275026586423078,0.7903345259578374,-0.868398584773852,0.177661769918403,-0.7807892502333703,1.0
-0.0006607101443292344,-0.5267450344006638,0.5992905253854577,0.0870440688253834,-0.17213734161246227,0.10483186776123865,-0.11229810887611624,0.0049783637305499,-0.3345126163230604,-1.0
-0.0011090410097550057,-0.2754757742862342,0.3112006435643977,0.0040105190019059,-0.3021269049791912,0.003242339213006984,0.02192267844015583,0.0014477908235888998,-0.010937212447373224,-1.0
0.007406033071843321,0.027406168245207196,-0.004937836390626296,-0.0062105191109650005,0.053365837877691946,0.9236476924628217,-0.896866039301329,-0.0016859370083369002,-0.5985241865627771,1.0
0.002039692858526494,0.008164001262164697,0.044656886782286506,0.033231209536058404,0.02235185731638073,0.2943565912496827,-0.24751196192818115,0.0177425253358284,-0.7636037755684765,1.0
0.007734944486877048,-0.8989233201607423,0.9148375676540389,-0.007505741162665029,0.6610759644923809,0.9660275868303658,-0.955881657516992,0.00015660568729229966,-0.4973545318055532,1.0
0.0045267058455522235,-0.011984720462259402,0.06883399062554552,0.042563745491227004,-0.014088656633467589,0.5892312613655726,-0.5658325201085066,-0.0016294424312605002,-0.997994103568773,1.0
0.0022483879165797567,-0.781625487711425,0.7788127473199435,0.0035349264753219995,0.3067007358163009,0.39220743321476637,-0.5235958437404618,0.4033734242692732,-0.76874550611185,1.0
0.0009419722177332569,-0.346811448300502,0.2771282358867346,0.2121563786056211,-0.2666413320883029,0.44768185785167647,-0.20145348712238786,0.9977036986444487,-0.6177103254059505,1.0
0.005657697976105054,-0.8651078265892673,0.8605535288697609,0.005700691451123599,0.5525740129044252,0.7965888505255546,-0.8253201669726113,0.0419366778814528,-0.8178800091462566,1.0
0.004037860881779481,-0.6612031300346761,0.7769135473480117,0.2870748255581439,0.08089537785300904,0.5147061380176008,-0.7234354915675394,0.9551901487506993,-0.6673954639589643,1.0
0.005675393277838017,-0.6145998721140089,0.664582572804058,-0.11941756592720719,0.6661652200017568,0.7544584337328452,-0.6669261821136394,0.039550704868796596,-0.2613303457431101,1.0
0.005884991834160567,-0.5118570014241091,0.611827250073721,-0.09131061813482609,0.4014792891306871,0.75425502692967,-0.6930029705992358,0.00017237262645699962,-0.27508482453638106,1.0
0.003089675771698306,-0.596546410427216,0.6227341796684107,-0.0803712956975301,0.6218772262706843,0.512026209922775,-0.4494916449209632,0.004393702668010001,-0.5730080272862215,1.0
0.00036767765520182363,0.013195129647345094,0.12247104001978149,0.021649850056894293,0.01386541104529411,0.13408333072555378,-0.024912623112207766,0.1113572771303502,-0.2711086024278688,1.0
-0.0011453331305009678,-0.6994528950483413,0.764401048214702,-0.12668406917619232,0.934802316855115,0.09459807163396505,-0.020921014732624643,0.0270864975406368,-0.22039888076395048,-1.0
-0.0018678981063468183,-0.6861216987132933,0.7462360588196476,-0.1257830774398851,0.8897405679004984,-0.01812754475818934,0.048942664425462024,-0.0127779105187668,0.04605019962792467,-1.0
-0.001861440896224838,-0.5375736053999276,0.6704589406081284,0.00858667872766311,0.4829803903978555,-0.047080851596482565,0.07684738170265615,-0.0128943588956568,0.13074179961810994,-1.0
0.0012928710056366753,0.16057288249347632,-0.07187805691000529,-0.11001599952770849,0.1648018982486285,0.30212690498294514,-0.07305137718012311,0.7360057027908202,-0.2877309623142796,1.0
0.005878875846124544,-0.12519554369076297,0.3438696397827051,0.5756092832823547,0.0734939367180391,0.6604384198942284,-0.7245188360065861,0.1667850732504596,-0.3780716818825497,1.0
-0.0010746190696141154,-0.3192132841155916,0.4409017586917532,-0.03213878410167979,0.0741068609698076,-0.025064238302370367,0.031581639891149704,-0.0058983329373935005,0.06820495202776022,-1.0
-0.0015229499350398867,-0.067944024001162,0.1528118768706932,-0.1151723339251573,-0.055882702396921294,-0.12665376685060203,0.16580242720742178,-0.0094289058443545,0.3917803559034474,-1.0
0.00699212414655844,0.2349379185302794,-0.16332660308433078,-0.1253933720380282,0.2996100404599618,0.7937515863992127,-0.752986290534063,-0.012562633676280301,-0.19580661821195638,1.0
0.001625783933241613,0.2156957515472369,-0.11373187991141799,-0.08595164339100479,0.2685960598986506,0.1644604851860737,-0.1036322131609152,0.006865828667884998,-0.36088620721765585,1.0
0.007321035561592167,-0.6913915698756701,0.7564488009603344,-0.1266885940897282,0.9073201670746509,0.8361314807667568,-0.812001908749726,-0.0107200909806511,-0.0946369634547326,1.0
0.0041127969202673425,0.1955470298228128,-0.08955477606815898,-0.07661910743583619,0.23215554594880228,0.4593351553019635,-0.42195277134124065,-0.0125061390992039,-0.5952765352179524,1.0
0.0018344789912948757,-0.5740937374263528,0.620423980626239,-0.1156479264517412,0.5529449383985708,0.26231132715115735,-0.3797160949731958,0.3924967276013298,-0.3660279377610294,1.0
0.0005280632924483759,-0.13927969801542978,0.11873946919303008,0.0929735256785579,-0.020397129506032993,0.31778575178806745,-0.05757373835512192,0.9868270019765054,-0.21499275705512988,1.0
0.005243789050820173,-0.6575760763041951,0.7021647621760564,-0.11348216147593959,0.7988182154866952,0.6666927444619456,-0.6814404182053454,0.031059981213509398,-0.41516244079543596,1.0
0.0036239519564946,-0.4536713797496039,0.6185247806543072,0.1678919726310807,0.3271395804352789,0.38481003195399177,-0.5795557428002734,0.9443134520827559,-0.2646778956081437,1.0
0.00020959855632255017,0.10274287068989985,-0.052755322730337006,0.028106947792381105,-0.2646859308710697,-0.0002034068031752101,-0.026076788485596303,-0.039378332242339595,-0.013754478793270963,1.0
-0.002585717506139711,0.018053461686792893,-0.041848393135647255,0.039046270229677105,-0.044287993731072506,-0.2424322238100702,0.2174345371926762,-0.035157002200786595,-0.3116776815431114,-1.0
-0.005307715622636194,0.627795001761354,-0.5421115327842765,0.1410674159841015,-0.6522998089564627,-0.6203751030072914,0.6420135590014316,0.0718065722615536,-0.00977825668475868,-1.0
-0.006820726408338985,-0.08485302293433239,0.09981847541064404,-0.007266503248985114,0.2686370968533581,-0.6598603620988801,0.6460051673810148,-0.012464207328159796,0.040931464979159615,-1.0
-0.0075432913841848356,-0.07152182659928441,0.08165348601558964,-0.006365511512677899,0.22357534789874156,-0.7725859784910345,0.7158688465391014,-0.0523286153875634,0.30738054537103476,-1.0
-0.007536834174062855,0.0770262667140813,0.005876367804070415,0.12800424465487031,-0.18318482960390126,-0.8015392853293277,0.7437735638162956,-0.052445063764453397,0.39207214536122004,-1.0
-0.004382522272201341,0.7751727546074852,-0.7364606297140632,0.0094015663994987,-0.5013633217531283,-0.4523315287499,0.5938748049335163,0.6964549979220236,-0.02640061657116949,-1.0
0.00020348256828652705,0.48940432842324594,-0.32071293302135284,0.6950268492095619,-0.5926712832837177,-0.0940200138386168,-0.05759265389294661,0.127234368381663,-0.1167413361394396,1.0
-0.006750012347452133,0.2953865879984173,-0.22368081411230478,0.0872787818255274,-0.5920583590319491,-0.7795226720352155,0.6985078220047891,-0.0454490378061901,0.3295352977708703,-1.0
-0.007198343212877904,0.546655848112847,-0.5117706959333648,0.0042452320020499,-0.7220479223986781,-0.8811122005834472,0.8327286093210612,-0.048979610713151094,0.6531107016465575,-1.0
0.0013167308687204232,0.8495377906442882,-0.8279091758883887,-0.005975806110821,-0.36655517954179495,0.0392931526663675,-0.08606010842042361,-0.052113338545076895,0.06552372753115371,1.0
-0.004049609344596404,0.8302956236612458,-0.778314452715476,0.033465922536202404,-0.39756916010310617,-0.5899979485467715,0.5632939689527242,-0.032684876200911595,-0.09955586147454579,-1.0
0.00164564228375415,-0.07679169776166117,0.09186622815627643,-0.0072710281625210284,0.2411549470728941,0.0816730470339116,-0.14507572663608662,-0.0502707958494477,0.1666933822883775,1.0
-0.0015625963575706743,0.8101469019368217,-0.754137348872217,0.042798458491371004,-0.4340096740529545,-0.2951232784308817,0.24497341077239876,-0.0520568439680005,-0.3339461894748424,-1.0
-0.003840914286543141,0.04050613468765607,-0.04415859217781892,0.003769639475466,-0.11322028160318598,-0.4921471065816878,0.2872100871404436,0.35294602273253317,-0.10469759201791928,-1.0
-0.0051473299853896405,0.47532017409857913,-0.5458431036110278,0.2123910916057651,-0.6865623495077897,-0.4366726819447777,0.6093524437585175,0.9472762971077088,0.04633758868798021,-1.0
-0.0004316042270178437,-0.04297620419018622,0.03758218937199842,0.0059354044512676,0.13265299548493836,-0.08776568927089962,-0.014514236091706018,-0.008490723655287198,-0.1538320950523259,-1.0
-0.002051441321343417,0.16092849236440498,-0.04605779214975081,0.2873095385582879,-0.33902563956647785,-0.3696484017788534,0.08737043931336597,0.9047627472139592,-0.0033475498650336055,-1.0
-0.002795316062462261,-0.08468940900310695,0.010906929594689752,0.010939322437296,0.22039793713999717,-0.242228817006895,0.2435113256782725,0.004221330041553001,-0.2979232027498404,-1.0
-0.005517314178958743,0.5250521310714542,-0.4893562100539395,0.11296046819172038,-0.387613878085393,-0.6201716962041162,0.6680903474870279,0.11118490450389319,0.003976222108512284,-1.0
-0.007030324964661535,-0.18759589362423224,0.15257379814098104,-0.035373451041366216,0.5333230277244279,-0.6596569552957049,0.6720819558666111,0.0269141249141798,0.05468594377243058,-1.0
-0.007752889940507385,-0.17426469728918426,0.13440880874592664,-0.034472459305059,0.48826127876981124,-0.7723825716878593,0.7419456350246978,-0.0129502831452238,0.3211350241643057,-1.0
-0.007746432730385405,-0.02571660397581854,0.05863169053440742,0.0998972968624892,0.08150110126716842,-0.8013358785261525,0.7698503523018918,-0.0130667315221138,0.405826624154491,-1.0
-0.004592120828523892,0.6724298839175854,-0.6837053069837262,-0.018705381392882404,-0.2366773908820586,-0.4521281219467248,0.6199515934191127,0.7358333301643633,-0.012646137777898525,-1.0
-6.1159880360231195e-06,0.3866614577333461,-0.26795761029101584,0.6669199014171808,-0.32798535241264803,-0.09381660703544159,-0.03151586540735031,0.1666127006240026,-0.10298685734616864,-1.0
-0.0069596109037746825,0.19264371730851748,-0.17092549138196778,0.0591718340331463,-0.3273724281608795,-0.7793192652320403,0.7245846104903855,-0.0060707055638505,0.3432897765641413,-1.0
-0.007407941769200454,0.44391297742294705,-0.45901537320302777,-0.023861715790331202,-0.4573619915276084,-0.880908793780272,0.8588053978066574,-0.0096012784708115,0.6668651804398285,-1.0
0.001107132312397873,0.7467949199543884,-0.7751538531580517,-0.034082753903202104,-0.10186924867072528,0.03949655946954271,-0.059983319934827306,-0.0127350063027373,0.07927820632442467,1.0
-0.004259207900918954,0.7275527529713459,-0.7255591299851389,0.005358974743821299,-0.1328832292320365,-0.5897945417435962,0.5893707574383205,0.006693456041427999,-0.08580138268127482,-1.0
0.0014360437274316,-0.17953456845156102,0.14462155088661344,-0.035377975954902136,0.5058408779439638,0.0818764538370868,-0.11899893815049031,-0.0108924636071081,0.18044786108164845,1.0
-0.0017721949138932245,0.7074040312469219,-0.7013820261418799,0.014691510698989899,-0.1693237431818848,-0.2949198716277065,0.27105019925799506,-0.0126785117256609,-0.32019171068157143,-1.0
-0.004050512842865691,-0.062236736002243775,0.008596730552518084,-0.024337308316915104,0.1514656492678837,-0.4919436997785126,0.3132868756260399,0.3923243549748728,-0.09094311322464832,-1.0
-0.005356928541712191,0.3725773034086793,-0.4930877808806909,0.18428414381338398,-0.4218764186367201,-0.4364692751416025,0.6354292322441137,0.9866546293500484,0.06009206748125118,-1.0
-0.0006412027833403939,-0.14571907488008606,0.09033751210233543,-0.022171543341113504,0.39733892635600804,-0.0875622824677244,0.011562552393890285,0.030887608587052397,-0.14007761625905493,-1.0
-0.002261039877665967,0.05818562167450514,0.006697530580586197,0.2592025907659068,-0.07433970869540818,-0.3694449949756782,0.11344722779896227,0.9441410794562989,0.010406928928237358,-1.0
-0.0027219981164964824,0.6097415400745612,-0.5002631396486292,0.10202114575442439,-0.6080118152253902,-0.3779428791972212,0.42457902180875545,0.1069635744623402,0.3018994248583527,-1.0
-0.004235008902199274,-0.10290648462112528,0.1416668685462913,-0.046312773478662216,0.31292509058443063,-0.4174281382888099,0.4285706301883386,0.0226927948726268,0.352609146522271,-1.0
-0.004957573878045124,-0.0895752882860773,0.12350187915123689,-0.045411781742355,0.26786334162981407,-0.5301537546809643,0.49843430934642524,-0.0171716131867768,0.6190582269141461,-1.0
-0.004951116667923144,0.05897280502728841,0.04772476093971767,0.08895797442519321,-0.13889683587282875,-0.5591070615192575,0.5263390266236194,-0.0172880615636668,0.7037498269043314,-1.0
-0.0017968047660616307,0.7571192929206924,-0.694612236578416,-0.029644703830178403,-0.45707532802205575,-0.20989930493982983,0.3764402677408401,0.7316120001228102,0.2852770649719419,-1.0
0.002789200074426238,0.47135086673645304,-0.2788645398857056,0.6559805789798848,-0.5483832895526451,0.1484122099714534,-0.2750271910856228,0.1623913705824496,0.19493634540367177,1.0
-0.0041642948413124214,0.27733312631162443,-0.18183242097665753,0.0482325115958503,-0.5477703653008766,-0.5370904482251453,0.4810732848121129,-0.010292035605403501,0.6412129793139817,-1.0
-0.004612625706738193,0.5286023864260541,-0.4699223027977175,-0.0348010382276272,-0.6777599286676056,-0.6386799767733771,0.615294072128385,-0.013822608512364502,0.9647883831896689,-1.0
0.003902448374860134,0.8314843289574954,-0.7860607827527415,-0.0450220763404981,-0.32226718581072245,0.2817253764764377,-0.3034946456130998,-0.0169563363442903,0.3772014090742651,1.0
-0.0014638918384566931,0.8122421619744529,-0.7364660595798287,-0.005580347693474701,-0.35328116637203366,-0.3475657247367013,0.345859431760048,0.0024721259998749974,0.21212182006856561,-1.0
0.004231359789893861,-0.09484515944845406,0.13371462129192369,-0.046317298392198135,0.2854429408039666,0.3241052708439818,-0.3625102638287628,-0.015113793648661101,0.47837106383148886,1.0
0.0010231211485690365,0.7920934402500288,-0.7122889557365697,0.0037521882616938992,-0.389721680321882,-0.05269105462081147,0.027538873579722567,-0.016899841767213902,-0.022268507931730998,1.0
-0.0012551967804034303,0.022452673000863177,-0.002310199042171668,-0.0352766307542111,-0.06893228787211347,-0.24971488277161763,0.06977554994776741,0.3881030249333198,0.2069800895251921,-1.0
-0.00256161247924993,0.45726671241178624,-0.5039947104753806,0.173344821376088,-0.6422743557767172,-0.19424045813470753,0.3919179065658413,0.9824332993084954,0.3580152702310916,-1.0
0.002154113279121867,-0.06102966587697911,0.07943058250764568,-0.03311086577840951,0.17694098921601087,0.1546665345391706,-0.2319487732843822,0.026666278545499397,0.1578455864907855,1.0
0.0005342761847962939,0.1428750306776121,-0.004209399014103554,0.2482632683286108,-0.29473764583540535,-0.1272161779687832,-0.13006409787931023,0.9399197494147459,0.30833013167807777,1.0
-0.0015130107857027914,-0.7126480246956863,0.6419300081949205,-0.14833391923308661,0.9209369058098208,-0.03948525909158873,0.0039916083795831225,-0.0842707795897134,0.050709721663918295,-1.0
-0.002235575761548642,-0.6993168283606384,0.6237650187998661,-0.1474329274967794,0.8758751568552042,-0.15221087548374312,0.07385528753766979,-0.12413518764911699,0.31715880205579344,-1.0
-0.0022291185514266617,-0.5507687350472728,0.5479879005883469,-0.013063171329231182,0.4691149793525614,-0.18116418232203635,0.10176000481486391,-0.124251636026007,0.4018504020459787,-1.0
0.0009251933504348516,0.14737775284613122,-0.19434909692978677,-0.13166584958460278,0.15093648720333439,0.16804357425739136,-0.048138754067915346,0.6246484256604701,-0.01662235988641081,1.0
0.0055111981909227205,-0.13839067333810806,0.22139859976292364,0.5539594332254605,0.059628525672744986,0.5263550891686746,-0.6996062128943783,0.055427796120109396,-0.10696307945468092,1.0
-0.001442296724815939,-0.33240841376293667,0.3184307186719717,-0.053788634158574086,0.060241449924513496,-0.15914756902792415,0.05649426300335747,-0.1172556100677437,0.339313554455629,-1.0
-0.0018906275902417103,-0.0811391536485071,0.030340836850911712,-0.1368221839820516,-0.0697481134422154,-0.2607370975761558,0.19071505031962954,-0.1207861829747047,0.6628889583313162,-1.0
0.006624446491356616,0.2217427888829343,-0.28579764310411226,-0.1470432220949225,0.2857446294146677,0.6596682556736589,-0.7280736674218553,-0.12391991080663049,0.07530198421591239,1.0
0.0012581062780397893,0.20250062189989182,-0.23620291993119946,-0.10760149344789909,0.2547306488533565,0.030377154460519917,-0.07871959004870743,-0.10449144846246519,-0.08977760478978711,1.0
0.006953357906390343,-0.7045866995230152,0.6339777609405529,-0.1483384441466225,0.8934547560293568,0.702048150041203,-0.7870892856375182,-0.1220773681110013,0.17647163897313617,1.0
0.003745119265065519,0.1823519001754677,-0.21202581608794047,-0.09826895749273049,0.21829013490350818,0.3252518245764097,-0.3970401482290329,-0.12386341622955409,-0.3241679327900837,1.0
0.001466801336093052,-0.587288867073698,0.49795294060645756,-0.13729777650863548,0.5390795273532767,0.12822799642560356,-0.35480347186098804,0.2811394504709796,-0.0949193353331606,1.0
0.00016038563724655227,-0.15247482766277487,-0.003731570826751407,0.07132367562166361,-0.0342625405513271,0.18370242106251367,-0.03266111524291415,0.8754697248461552,0.05611584537273889,1.0
0.0048761113956183495,-0.6707712059515403,0.5796937221562749,-0.13513201153283388,0.784952804441401,0.5326094137363918,-0.6565277950931376,-0.08029729591684079,-0.14405383836756722,1.0
0.0032562743012927763,-0.466866509396949,0.4960537406345257,0.1462421225741864,0.3132741693899848,0.250726701228438,-0.5546431196880657,0.8329561749524057,0.006430706819725074,1.0
-0.0007225649758458505,0.013331196335047979,-0.0181649893950544,0.0009009917363072144,-0.045061748954616565,-0.11272561639215439,0.06986367915808667,-0.039864408059403604,0.26644908039187515,-1.0
-0.0007161077657238703,0.1618792896484137,-0.09394210760657362,0.13527074790385543,-0.4518219264572594,-0.14167892323044762,0.09776839643528079,-0.0399808564362936,0.3511406803820604,-1.0
0.002438204136137643,0.8600257775418176,-0.8362791051247073,0.016668069648483812,-0.7700004186064864,0.2075288333489801,-0.05213036244749847,0.7089192052501834,-0.0673320815503291,1.0
0.007024208976625512,0.5742573513575784,-0.4205314084319969,0.7022933524585471,-0.8613083801370758,0.5658403482602633,-0.7035978212739614,0.1396985757098228,-0.15767280111859922,1.0
7.071406088685235e-05,0.3802396109327497,-0.3234992895229488,0.09454528507451251,-0.8606954558853073,-0.11966230993633542,0.05250265462377435,-0.0329848304780303,0.2886038327917107,1.0
-0.0003776168045389189,0.6315088710471792,-0.6115891713440088,0.011511735251035014,-0.9906850192520362,-0.2212518384845671,0.18672344194004642,-0.0365154033849913,0.6121792366673979,-1.0
0.008137457277059407,0.9343908135786207,-0.9277276512990328,0.0012906971381641142,-0.6351922763951531,0.6991535147652477,-0.7320652758014383,-0.0396491312169171,0.024592262551994093,1.0
0.0027711170637425807,0.9151486465955782,-0.87813292812612,0.040732425785187515,-0.6662062569564643,0.06986241355210865,-0.08271119842829056,-0.020220668872751802,-0.1404873264537054,1.0
0.008466368692093135,0.008061325172671219,-0.007952247254367606,-4.524913535914766e-06,-0.027482149780464038,0.7415334091327918,-0.7910808940171014,-0.037806588521287904,0.12576191730921787,1.0
0.00525813005076831,0.8949999248711541,-0.853955824282861,0.050064961740356115,-0.7026467709063127,0.36473708366799845,-0.401031756608616,-0.0395926366398407,-0.374877654454002,1.0
0.0029798121217958435,0.12535915762198846,-0.14397706758846296,0.011036142724451114,-0.3818573784565441,0.1677132555171923,-0.35879508024057116,0.365410230060693,-0.1456290569970789,1.0
0.0016733964229493437,0.5601731970329116,-0.645661579021672,0.21965759485475023,-0.955199446361148,0.2231876801541024,-0.036652723622497274,0.9597405044358686,0.005406123708820598,1.0
0.006389122181321141,0.04187681874414617,-0.062236286038645616,0.013201907700252714,-0.13598410136841976,0.5720946728279805,-0.6605194034727208,0.003973483672872598,-0.1947635600314855,1.0
0.004769285086995568,0.24578151529873737,-0.14587626756039485,0.294576041807273,-0.6076627364198359,0.2902119603200267,-0.5586347280676488,0.917226954542119,-0.04427901484419322,1.0
6.4572101219802225e-06,0.14854809331336571,-0.07577711821151922,0.1343697561675482,-0.4067601775026428,-0.028953306838293225,0.027904717277194124,-0.00011644837689000001,0.08469159999018527,1.0
0.0031607691119834936,0.8466945812067697,-0.8181141157296529,0.0157670779121766,-0.7249386696518698,0.3202544497411345,-0.12199404160558514,0.748783613309587,-0.33378116194220425,1.0
0.007746773952471362,0.5609261550225304,-0.4023664190369425,0.7013923607222399,-0.8162466311824592,0.6785659646524177,-0.7734615004320481,0.1795629837692264,-0.42412188151047436,1.0
0.0007932790367327028,0.36690841459770174,-0.3053343001278944,0.0936442933382053,-0.8156337069306907,-0.006936693544181027,-0.01736102453431232,0.0068795775813733,0.022154752399835553,1.0
0.0003449481713069316,0.6181776747121313,-0.5934241819489544,0.0106107435147278,-0.9456232702974197,-0.1085262220924127,0.11685976278195975,0.0033490046744123,0.3457301562755227,1.0
0.008860022252905258,0.9210596172435728,-0.9095626619039784,0.0003897054018568999,-0.5901305274405365,0.8118791311574021,-0.801928954959525,0.00021527684248650003,-0.24185681783988106,1.0
0.003493682039588431,0.9018174502605302,-0.8599679387310656,0.0398314340488803,-0.6211445080018477,0.18258802994426304,-0.15257487758637722,0.0196437391866518,-0.4069364068455805,1.0
0.009188933667938985,-0.00526987116237676,0.010212742140686792,-0.0009055166498431292,0.017579599174152527,0.8542590255249461,-0.860944573175188,0.0020578195381157,-0.14068716308265727,1.0
0.005980695026614161,0.8816687285361061,-0.8357908348878066,0.0491639700040489,-0.6575850219516961,0.47746270006015284,-0.4708954357667027,0.00027177141956289996,-0.6413267348458771,1.0
0.003702377097641694,0.11202796128694048,-0.12581207819340856,0.010135150988143899,-0.33679562950192754,0.2804388719093467,-0.42865875939865783,0.4052746381200966,-0.41207813738895405,1.0
0.002395961398795194,0.5468420006978636,-0.6274965896266176,0.218756603118443,-0.9101376974065314,0.3359132965462568,-0.10651640278058394,0.9996049124952722,-0.26104295668305455,1.0
0.0071116871571669914,0.028545622409098192,-0.04407129664359122,0.012300915963945499,-0.0909223524138032,0.6848202892201349,-0.7303830826308074,0.0438378917322762,-0.46121264042336063,1.0
0.005491850062841418,0.2324503189636894,-0.12771127816534045,0.2936750500709658,-0.5626009874652194,0.4029375767121811,-0.6284984072257355,0.9570913626015226,-0.31072809523606837,1.0
0.0031543119018615133,0.6981464878934039,-0.7423369975181336,-0.1186026782553716,-0.318178492149227,0.3492077565794277,-0.14989875888277926,0.748900061686477,-0.4184727619323895,1.0
0.007740316742349382,0.41237806170916463,-0.32658930082542326,0.5670226045546916,-0.4094864536798164,0.7075192714907109,-0.8013662177092422,0.1796794321461164,-0.5088134815006596,1.0
0.0007868218266107226,0.21836032128433602,-0.2295571819163752,-0.040725462829342904,-0.4088735294280479,0.022016613294112197,-0.045265741811506444,0.0069960259582633,-0.06253684759034972,1.0
0.0003384909611849514,0.4696295813987656,-0.5176470637374352,-0.12375901265282041,-0.5388630927947768,-0.07957291525411947,0.08895504550476563,0.0034654530513023,0.26103855628533745,1.0
0.008853565042783278,0.772511523930207,-0.8337855436924592,-0.1339800507656913,-0.1833703499378937,0.8408324379956953,-0.8298336722367192,0.00033172521937650004,-0.32654841783006633,1.0
0.003487224829466451,0.7532693569471645,-0.7841908205195464,-0.0945383221186679,-0.2143843304992049,0.21154133678255627,-0.18047959486357135,0.0197601875635418,-0.4916280068357658,1.0
0.009182476457817005,-0.15381796447574247,0.08598986035220602,-0.13527527281739132,0.42433977667679534,0.8832123323632394,-0.8888492904523821,0.0021742679150057,-0.22537876307284255,1.0
0.005974237816492181,0.7331206352227404,-0.7600137166762874,-0.0852057861634993,-0.25082484444905323,0.506416006898446,-0.4988001530438968,0.0003882197964529,-0.7260183348360624,1.0
0.0036959198875197137,-0.036520132026425234,-0.05003495998188934,-0.12423460517940431,0.06996454800071528,0.3093921787476399,-0.45656347667585195,0.4053910864969866,-0.4967697373791393,1.0
0.002389504188673214,0.3982939073844978,-0.5517194714150984,0.0843868469508948,-0.5033775199038886,0.36486660338455,-0.13442112005777807,0.9997213608721622,-0.3457345566732398,1.0
0.007105229947045011,-0.12000247090426752,0.031705821567928005,-0.1220688402036027,0.3158378250888396,0.7137735960584282,-0.7582877999080015,0.0439543401091662,-0.5459042404135459,1.0
0.005485392852719438,0.08390222565032368,-0.051934159953821224,0.15930529390341758,-0.1558408099625766,0.43189088355047434,-0.6564031245029296,0.9572078109784127,-0.39541969522625364,1.0
0.004586004840487869,-0.28576842618423925,0.4157476966927104,0.6856252828100632,-0.0913079615305894,0.3583115149112832,-0.651467458826463,-0.5692206295403606,-0.09034071956827011,1.0
-0.0023674900752507907,-0.4797861666090679,0.5127798156017584,0.0778772154260287,-0.09069503727882089,-0.3271911432853155,0.10463301707127282,-0.7419040357282137,0.3559359143420398,-1.0
-0.002815820940676562,-0.22851690649463832,0.2246899337806985,-0.0051563343974488,-0.2206846006455498,-0.4287806718335472,0.2388538043875449,-0.7454346086351747,0.679511318217727,-1.0
0.005699253140921765,0.07436503603680308,-0.0914485461743255,-0.0153773725103197,0.13480814221133333,0.49162468141626753,-0.6799349133539399,-0.7485683364671005,0.0919243441023232,1.0
0.0003329129276049376,0.055122869053760584,-0.0418538230014127,0.024064356136703702,0.10379416165002212,-0.13766641979687144,-0.030580835980792087,-0.7291398741229352,-0.0731552449033763,1.0
0.006028164555955492,-0.8519644523691464,0.8283268578703397,-0.01667259456201973,0.7425182688260223,0.5340045757838117,-0.7389505315696029,-0.7467257937714713,0.19309399885954698,1.0
0.0028199259146306672,0.034974147329336486,-0.017676719158153692,0.0333968920918723,0.0673536477001738,0.15720825031901836,-0.34890139416111754,-0.7485118418900241,-0.3075455729036729,1.0
0.0005416079856582004,-0.7346666199198292,0.6923020375362443,-0.0056319269240327,0.3881430401499423,-0.039815577831787796,-0.3066647177930727,-0.3435089751894904,-0.0782969754467498,1.0
-0.0007648077131882994,-0.29985258050890606,0.19061752610303537,0.2029895252062664,-0.1851990277546615,0.015658846805122306,0.015477638825001194,0.2508212991856852,0.0727382052591497,-1.0
0.003950918045183498,-0.8181489587976715,0.7740428190860617,-0.0034661619482311,0.6340163172380666,0.36456583947900045,-0.6083890410252223,-0.7049457215773108,-0.1274314784811564,1.0
0.0023310809508579246,-0.6142442622430803,0.6904028375643124,0.2779079721587892,0.16233768218665043,0.08268312697104663,-0.5065043656201503,0.20830774929193563,0.023053066706135883,1.0
-0.0069534949157386595,-0.1940177404248286,0.09703211890904806,-0.6077480673840345,0.0006129242517685096,-0.6855026581965987,0.7561004758977358,-0.17268340618785308,0.4462766339103099,-1.0
-0.007401825781164431,0.05725151968960096,-0.19105776291201193,-0.690781617207512,-0.1293766391149604,-0.7870921867448304,0.8903212632140078,-0.1762139790948141,0.7698520377859971,-1.0
0.0011132483004338961,0.36013346222104237,-0.5071962428670359,-0.7010026553203829,0.22611610374192273,0.13331316650498432,-0.028467454527476996,-0.1793477069267399,0.1822650636705933,1.0
-0.004253091912882931,0.3408912952379999,-0.4576015196941231,-0.6615609266733595,0.19510212318061151,-0.49597793470815466,0.6208866228456709,-0.1599192445825746,0.017185474664893813,-1.0
0.001442159715467623,-0.566196026184907,0.41257916117762927,-0.7022978773720829,0.8338262303566117,0.1756930608725284,-0.08748307274314,-0.17750516423111068,0.2834347184278171,1.0
-0.0017660789258572014,0.32074257351357577,-0.4334244158508641,-0.6522283907181909,0.1586616092307632,-0.20110326459226488,0.30256606466534536,-0.1792912123496635,-0.2172048533354028,-1.0
-0.0040443968548296684,-0.44889819373558987,0.2765543408435339,-0.6912572097340959,0.4794510016805317,-0.398127092743071,0.3448027410333902,0.2257116543508702,0.012043744121520317,-1.0
-0.005350812553676168,-0.014084154324666809,-0.22513017058967505,-0.48263575760379684,-0.09389106622407209,-0.3426526681061609,0.6669450976514641,0.8200419287260459,0.1630789248274198,-1.0
-0.0006350867953043707,-0.5323805326134321,0.35829512239335126,-0.6890914447582943,0.725324278768656,0.006254324567717184,0.043078417801240595,-0.13572509203695018,-0.037090758912886296,-1.0
-0.002254923889629944,-0.32847583605884095,0.27465514087160203,-0.40771731065127403,0.25364564371723985,-0.2756283879402366,0.14496309320631257,0.7775283788322962,0.113393786274406,-1.0
-0.00044833086542577123,0.25126926011442957,-0.28808988182106,-0.0830335498234775,-0.1299895633667289,-0.10158952854823167,0.13422078731627207,-0.003530572906961,0.3235754038756872,-1.0
0.008066743216172555,0.554151202645871,-0.604228361776084,-0.0932545879363484,0.22550317949015422,0.8188158247015831,-0.7845679304252127,-0.0066643007388868,-0.2640115702397166,1.0
0.0027004030028557283,0.5349090356628284,-0.5546336386031712,-0.053812859289325,0.194489198928843,0.18952472348844407,-0.1352138530520649,0.012764161605278499,-0.4290911592454161,1.0
0.008395654631206282,-0.3721782857600785,0.3155470422685812,-0.09454980998804843,0.8332133061048432,0.8611957190691272,-0.8435835486408757,-0.0048217580432575995,-0.16284191548249283,1.0
0.005187415989881458,0.5147603139384044,-0.5304565347599122,-0.0444803233341564,0.15804868497899469,0.48439939360433387,-0.45353441123239036,-0.0066078061618104,-0.6634814872457127,1.0
0.002909098060908991,-0.25488045331076126,0.17952222193448586,-0.0835091423500614,0.47883807742876316,0.2873755654535277,-0.4112977348643455,0.3983950605387233,-0.4342328897887896,1.0
0.0016026823620624913,0.1799335861001618,-0.3221622894987231,0.12511230978023768,-0.0945039904758406,0.3428499900904378,-0.08915537824627162,0.9927253349138989,-0.2831977090828901,1.0
0.006318408120434289,-0.33836279218860355,0.2612630034843032,-0.0813433773742598,0.7247113545168875,0.691756982764316,-0.7130220580964951,0.0369583141509029,-0.4833673928231962,1.0
0.004698571026108715,-0.13445809563401234,0.17762302196255397,0.2000307567327605,0.25303271946547135,0.40987427025636214,-0.6111373826914231,0.9502117850201494,-0.3328828476359039,1.0
0.008515074081598326,0.3028819425314414,-0.316138479955024,-0.0102210381128709,0.35549274285688315,0.9204053532498148,-0.9187887177414849,-0.0031337278319258,-0.5875869741154038,1.0
0.0031487338682814996,0.2836397755483989,-0.2665437567821112,0.0292206905341525,0.32447876229557193,0.29111425203667574,-0.269434640368337,0.0162947345122395,-0.7526665631211032,1.0
0.008843985496632054,-0.6234475458745081,0.6036369240896412,-0.011516260164570928,0.9632028694715722,0.9627852476173588,-0.9778043359571478,-0.0012911851362966001,-0.48641731935818,1.0
0.005635746855307229,0.2634910538239748,-0.24236665293885218,0.0385532264893211,0.2880382483457236,0.5859889221525656,-0.5877551985486624,-0.0030772332548494,-0.9870568911213998,1.0
0.0033574289263347623,-0.5061497134251909,0.46761210375554585,-0.0004755925265839001,0.6088276407954921,0.3889650940017594,-0.5455185221806176,0.40192563344568427,-0.7578082936644768,1.0
0.0020510132274882626,-0.07133567401426777,-0.03407240767766312,0.2081458596037152,0.0354855728908883,0.4444395186386695,-0.2233761655625437,0.9962559078208599,-0.6067731129585773,1.0
0.00676673898586006,-0.5896320523030332,0.5493528853053632,0.0016901724492176997,0.8547009178836165,0.7933465113125476,-0.8472428454127672,0.040488887057863895,-0.8069427966988834,1.0
0.005146901891534487,-0.3857273557484419,0.46571290378361396,0.283064306556238,0.38302228283220024,0.5114637988045938,-0.7453581700076952,0.9537423579271104,-0.6564582515115911,1.0
-0.005366340213316827,-0.0192421669830425,0.0495947231729128,0.0394417286470234,-0.031013980561311216,-0.629291101213139,0.6493540773731479,0.019428462344165297,-0.1650795890056995,-1.0
0.0003289114150337269,-0.9263294884059494,0.9197754040446652,-0.001295222051700029,0.607710126614689,0.042379894367544094,-0.05901561821566301,0.0018425426956291998,0.10116965475722378,1.0
-0.0028793272262910975,-0.0393908887074666,0.07377182701617181,0.048774264602192,-0.06745449451115954,-0.33441643109724917,0.33103351919282237,5.6494577076399936e-05,-0.3994699170059961,-1.0
-0.005157645155263565,-0.8090316559566322,0.7837505837105698,0.009745445586287,0.25333489793860897,-0.5314402592480554,0.3732701955608672,0.4050593612776101,-0.170221319549073,-1.0
-0.0064640608541100646,-0.3742176165457092,0.28206607227736086,0.2183668977165861,-0.3200071699659948,-0.4759658346111452,0.6954125521789412,0.9993896356527857,-0.019186138843173495,-1.0
-0.0017483350957382669,-0.8925139948344745,0.8654913652603872,0.0119112105620886,0.4992081750267333,-0.12705884193726713,0.07154587232871759,0.0436226148897897,-0.2193558225834796,-1.0
-0.00336817219006384,-0.6886092982798833,0.7818513837386379,0.2932853446691089,0.027529539975317097,-0.4089415544452209,0.17343054773378958,0.9568760857590362,-0.06887127739618731,-1.0
0.005695251628350554,-0.9070873214229069,0.8701806808717524,-0.040736950698723434,0.6387241071760003,0.6716709955806831,-0.7083696955888108,-0.0175859196485361,0.26624924376292325,1.0
0.0024870129870257296,-0.0201487217244241,0.02417710384325901,0.0093325359551686,-0.03644051394984832,0.2948746701158898,-0.31832055818032545,-0.0193719677670889,-0.2343903280002966,1.0
0.00020869505805326278,-0.7897894889735897,0.734155860537657,-0.029696283060736402,0.2843488784999202,0.09785084196508365,-0.2760838818122806,0.3856308989334448,-0.005141730543373496,1.0
-0.001097720640793237,-0.3549754495626667,0.23247134910444806,0.17892516906956268,-0.2889931894046836,0.15332526660199375,0.04605847480579328,0.9799611733086204,0.145893450162526,-1.0
0.0036180051175785603,-0.873271827851432,0.8158966420874744,-0.027530518084934803,0.5302221555880445,0.5022322592758719,-0.5778082050444302,0.0241941525456244,-0.05427623357778011,1.0
0.001998168023252987,-0.6693671312968408,0.7322566605657251,0.2538436160220855,0.05854352053662831,0.22034954676791807,-0.47592352963935824,0.9374476234148709,0.09620831160951218,1.0
-0.0032082386413248244,0.8869385996984829,-0.8460035770284934,0.050069486653892034,-0.6751646211258486,-0.37679632546479325,0.39004913740848535,-0.0017860481185527999,-0.5006395717632198,-1.0
-0.005486556570297291,0.11729783244931724,-0.13602482033409535,0.011040667637987028,-0.35437522867608007,-0.5738201536155995,0.4322858137765302,0.4032168185819809,-0.2713909743062968,-1.0
-0.006792972269143791,0.5521118718602402,-0.6377093317673044,0.21966211976828612,-0.9277172965806839,-0.5183457289786894,0.7544281703946041,0.9975470929571565,-0.12035579360039728,-1.0
-0.0020772465107719938,0.03381549357147495,-0.05428403878427801,0.013206432613788628,-0.10850195158795573,-0.1694387363048112,0.1305614905443806,0.0417800721941605,-0.32052547734070336,-1.0
-0.003697083605097567,0.23772019012606616,-0.13792402030602724,0.2945805667208089,-0.5801805866393719,-0.45132144881276504,0.23244616594945258,0.9550335430634069,-0.1700409321534111,-1.0
-0.002278317928972467,-0.7696407672491656,0.709978756694398,-0.039028819015905006,0.3207893924497685,-0.19702382815080616,0.042236676368044845,0.4050028667005337,0.2292485974569231,-1.0
-0.0035847336278189666,-0.3348267278382426,0.20829424526118906,0.1695926331143941,-0.2525526754548353,-0.14154940351389605,0.36437903298611873,0.9993331410757093,0.3802837781628226,-1.0
0.0011309921305528306,-0.8531231061270079,0.7917195382442154,-0.0368630540401034,0.5666626695378929,0.20735758915998206,-0.25948764686410475,0.0435661203127133,0.1801140944225165,1.0
-0.0004888449637727426,-0.6492184095724167,0.7080795567224661,0.24451108006691688,0.09498403448647663,-0.07452512334797173,-0.1576029714590328,0.9568195911819597,0.3305986396098088,-1.0
-0.0013064156988464998,0.43481403941092306,-0.5016845114332089,0.2086214521302991,-0.5733420679046037,0.0554744246369101,0.3221423566180739,0.5943302743751756,0.1510351807058995,-1.0
0.0034093100595252975,-0.08348233887784229,0.08174078154981734,0.0021657649758016,0.24587327708812434,0.40438141731078825,-0.3017243232321496,-0.3614367463878204,-0.04913450303440661,1.0
0.0017894729651997242,0.12042235767674891,-0.0018991999719318864,0.2835398990828219,-0.22580535796329188,0.12249870480283442,-0.19983964782707764,0.551816724481426,0.10135004215288568,1.0
0.004715725758371797,-0.5182963782887653,0.5834252929830264,-0.2064556871544975,0.8192153449927282,0.34890699267387815,-0.6238666798502235,-0.955767020762996,-0.2001696837403061,1.0
0.003095888664046224,-0.31439168173417414,0.4997853114612771,0.07491844695252278,0.3475367099413119,0.06702428016592432,-0.5219820044451515,-0.04251354989374956,-0.04968513855301382,1.0
-0.0016198370943255732,0.2039046965545912,-0.08363998152174923,0.2813741341070203,-0.4716786350514162,-0.2818827125079538,0.10188467540507198,0.9132534708692465,0.1504845451872923,-1.0
