J,M1,M2,M3,M4,M5,M6,M7,M8,M1M1,M2M2,M3M3,M4M4,M5M5,M6M6,M7M7,M8M8,M2M1,M3M1,M3M2,M4M1,M4M2,M4M3,M5M1,M5M2,M5M3,M5M4,M6M1,M6M2,M6M3,M6M4,M6M5,M7M1,M7M2,M7M3,M7M4,M7M5,M7M6,M8M1,M8M2,M8M3,M8M4,M8M5,M8M6,M8M7
0.23984498922293943,110.04,-105.43,-1677.9985575391297,-3647.3058,22.590000000000003,-18.67,-1213.282312551196,-782.0408999999999,12108.8016,-11115.484899999998,-2815679.159103399,-13302839.598713638,510.30810000000014,-348.56890000000004,-1472053.9699495777,-611587.9692728098,-23203.0344,-369293.9225432116,-353822.7758427008,-802699.0604639999,-769070.9009879999,-12240347.7426082,4971.6072,-4763.3274,-75811.97482961789,-164785.276044,-4108.8936,-3936.7562,-62656.4661385111,-136190.398572,-843.5106000000002,-267019.1713462672,-255832.7084245452,-4071771.940697292,-8850423.231210778,-54816.09488106304,-45303.96155066166,-172111.56127199996,-164901.14417399996,-2624527.0042732046,-5704684.620814438,-35332.607862,-29201.407206,-1897672.7833232367
0.293305798290453,110.04,-114.65,-1677.9985575391297,-3647.3058,22.590000000000003,-26.510000000000005,-1213.282312551196,-782.0408999999999,12108.8016,-13144.622499999998,-2815679.159103399,-13302839.598713638,510.30810000000014,-702.7801000000003,-1472053.9699495777,-611587.9692728098,-25232.171999999995,-369293.9225432116,-384765.0692437224,-802699.0604639999,-836327.2199399999,-12240347.7426082,4971.6072,-5179.887000000001,-75811.97482961789,-164785.276044,-5834.3208,-6078.743,-88967.48352072467,-193380.153516,-1197.7218000000005,-267019.1713462672,-278205.6342679892,-4071771.940697292,-8850423.231210778,-54816.09488106304,-64328.22821146442,-172111.56127199996,-179321.97836999994,-2624527.0042732046,-5704684.620814438,-35332.607862,-41463.808518,-1897672.7833232367
0.0,3.230000000000004,-1.695000000000004,-186.04006903965416,-2192.14535,32.849999999999994,-17.339999999999996,-18993.86417349197,-775.2427000000002,10.432900000000023,-2.873025000000014,-34610.90728827928,-4805501.235526621,1079.1224999999995,-300.67559999999986,-360766876.24106175,-601001.2439032904,-10.94970000000004,-1201.8188459961673,-630.675834044429,-14161.258961000016,-7431.372736500017,-815653.7445179136,212.2110000000002,-111.36150000000023,-12222.832535905276,-144023.94949499995,-112.01640000000012,-58.78260000000013,-6451.8695942952045,-76023.60073799998,-1139.2379999999996,-122700.36256075828,-64389.19954813793,-7067239.604332519,-83274622.05290402,-1247896.8761984222,-658707.2095367013,-5008.067842000008,-2628.072753000007,-288452.41086097586,-3398889.3598528905,-50933.44539000001,-26885.416836000004,-29449709.09058237
0.3168907344833006,3.230000000000004,-4.765000000000004,-186.04006903965416,-2192.14535,32.849999999999994,-48.35999999999999,-18993.86417349197,-775.2427000000002,10.432900000000023,-22.70522500000004,-34610.90728827928,-4805501.235526621,1079.1224999999995,-2338.6895999999992,-360766876.24106175,-601001.2439032904,-30.781900000000064,-1201.8188459961673,-1772.9618579479056,-14161.258961000016,-20891.145185500016,-815653.7445179136,212.2110000000002,-313.0605000000002,-12222.832535905276,-144023.94949499995,-312.40560000000033,-460.8708000000003,-17993.79547751535,-212024.29825199995,-3177.251999999999,-122700.36256075828,-181011.52557337863,-7067239.604332519,-83274622.05290402,-1247896.8761984222,-1837086.542860143,-5008.067842000008,-7388.062931000009,-288452.41086097586,-3398889.3598528905,-50933.44539000001,-74981.47394400001,-29449709.09058237
0.4033245383311872,59.48,-40.52,-28383.52945176516,-808.8335999999999,54.16,-34.084999999999994,-31820.048721310137,-823.3168499999999,3537.8704,-1641.8703999999998,-805624744.13922,-654211.7924889599,2933.3056,-1161.7872249999996,-1012515500.6265508,-677850.6354939224,-4820.2592,-3376504.6635819827,-2300201.2267710483,-96218.845056,-65547.87494399998,-45915104.61435447,6442.873599999999,-4389.126399999999,-3074503.9102152013,-87612.855552,-4054.751599999999,-2762.248399999999,-1934905.2027268305,-55138.18651199999,-3692.087199999999,-3785312.9958870537,-2578696.7483749734,-1806330580.0758169,-51474249.11886535,-3446747.677492314,-2169172.721331712,-97941.77247599998,-66721.59752399998,-46737276.12021903,-1331852.6634523198,-89181.68119199999,-56125.50966449999,-52395964.560151175
0.6799058671356994,59.48,-78.44,-28383.52945176516,-808.8335999999999,54.16,-74.235,-31820.048721310137,-823.3168499999999,3537.8704,-6152.8336,-805624744.13922,-654211.7924889599,2933.3056,-5510.835225,-1012515500.6265508,-677850.6354939224,-9331.2224,-3376504.6635819827,-4452808.100392917,-96218.845056,-126889.815168,-45915104.61435447,6442.873599999999,-8496.620799999999,-3074503.9102152013,-87612.855552,-8830.9956,-11645.9868,-4214102.617703573,-120087.524592,-8041.1352,-3785312.9958870537,-4991929.243399134,-1806330580.0758169,-51474249.11886535,-3446747.677492314,-4724322.633652916,-97941.77247599998,-129161.94742799998,-46737276.12021903,-1331852.6634523198,-89181.68119199999,-122237.8527195,-52395964.560151175
0.17917627138665426,67.8,-42.795,-49367.76318816985,-1567.3400499999998,21.40000000000001,-15.605000000000006,-2651.5304138999427,-885.1240499999997,4596.839999999999,-1831.412025,-2437176042.203218,-2456554.832334002,457.96000000000026,-243.51602500000016,-7030613.535836401,-783444.5838884019,-5803.002,-6694268.688315831,-4225386.851275457,-212531.31078,-134148.6348795,-154752144.84746855,2901.8400000000006,-1831.6260000000009,-2112940.26445367,-67082.15414000001,-2116.0380000000005,-1335.6319500000006,-1540767.8891027814,-48916.68296050001,-667.8940000000005,-359547.52412483224,-226944.4881256961,-261800251.1192847,-8311699.622996912,-113485.50171491758,-82754.26421781724,-120022.82117999996,-75757.76743949998,-87393188.98510759,-2774580.7455664035,-37883.30933999999,-27624.7216005,-4693866.677298585
0.2603154900237624,67.8,-92.805,-49367.76318816985,-1567.3400499999998,21.40000000000001,-27.195000000000007,-2651.5304138999427,-885.1240499999997,4596.839999999999,-8612.768025,-2437176042.203218,-2456554.832334002,457.96000000000026,-739.5680250000004,-7030613.535836401,-783444.5838884019,-12584.357999999998,-6694268.688315831,-9163150.525356203,-212531.31078,-290913.9866804999,-154752144.84746855,2901.8400000000006,-3972.054000000001,-2112940.26445367,-67082.15414000001,-3687.6420000000007,-5047.663950000001,-2685112.639804559,-85247.62531950002,-1163.9460000000006,-359547.52412483224,-492150.5601239684,-261800251.1192847,-8311699.622996912,-113485.50171491758,-144216.7392120179,-120022.82117999996,-164287.87492049992,-87393188.98510759,-2774580.7455664035,-37883.30933999999,-48141.8970795,-4693866.677298585
0.34546864484555034,19.08,-17.36,-233.58590128146207,-961.9632,50.650000000000006,-37.51500000000001,-13622.28263017708,-345.47895,364.0464,-301.3696,-54562.37327747294,-925373.19815424,2565.4225000000006,-1407.375225000001,-185566584.0564242,-119355.70489310248,-662.4576,-8913.637992900593,-8110.102492492363,-36708.515712,-33399.362304,-449402.0821431987,1932.804,-1758.5680000000002,-23662.25179981211,-97446.87216,-1431.5724000000002,-1302.5208000000002,-17525.950173148103,-72176.09889600001,-3800.269500000001,-519826.3051675573,-472965.6529197482,-6363946.331361438,-26208269.180459123,-1379937.2304369383,-1022079.8657421866,-13183.476732,-11995.029144,-161398.02381904633,-664676.07254928,-34997.017635000004,-25921.28561850001,-9412423.799353631
0.5400984186824538,19.08,-20.8,-233.58590128146207,-961.9632,50.650000000000006,-63.785,-13622.28263017708,-345.47895,364.0464,-432.6399999999999,-54562.37327747294,-925373.19815424,2565.4225000000006,-4068.526225000001,-185566584.0564242,-119355.70489310248,-793.7279999999998,-8913.637992900593,-9717.17349330882,-36708.515712,-40017.66912,-449402.0821431987,1932.804,-2107.04,-23662.25179981211,-97446.87216,-2434.0356,-2653.456,-29798.55342647612,-122717.64542400002,-6461.420500000001,-519826.3051675573,-566686.9574153664,-6363946.331361438,-26208269.180459123,-1379937.2304369383,-1737794.59513169,-13183.476732,-14371.924319999998,-161398.02381904633,-664676.07254928,-34997.017635000004,-44072.7496515,-9412423.799353631
0.7424179944955394,61.9,-47.345,-16726.849599216708,-565.3060499999999,86.41,-74.335,-11512.350705628674,-1617.2993499999998,3831.61,-2241.549025,-279787497.51481616,-319570.9301666024,7466.688099999999,-5525.692224999999,-132534218.76938903,-2615657.187510422,-5861.311,-2070783.9803830285,-1583865.38854983,-69984.88898999999,-53528.82987449999,-18911578.55175456,10697.558,-8182.162899999999,-2890734.147736632,-97696.191561,-9202.673,-7038.781149999999,-2486780.729915548,-84044.05045349998,-12846.5747,-1425229.01735683,-1090104.4883159793,-385130717.5729744,-13016003.007227316,-1989564.4489467477,-1711541.179405815,-200221.65953,-153142.0754515,-54104645.968721874,-1828538.2144321343,-279501.673667,-240443.89436449995,-37237834.62637059
0.9124936918053761,61.9,-76.455,-16726.849599216708,-565.3060499999999,86.41,-98.485,-11512.350705628674,-1617.2993499999998,3831.61,-5845.367025,-279787497.51481616,-319570.9301666024,7466.688099999999,-9699.295225,-132534218.76938903,-2615657.187510422,-9465.129,-2070783.9803830285,-2557702.5722162267,-69984.88898999999,-86440.94810549998,-18911578.55175456,10697.558,-13212.9531,-2890734.147736632,-97696.191561,-12192.443,-15059.34135,-3294687.565557715,-111348.33266849998,-17020.1777,-1425229.01735683,-1760353.5463976806,-385130717.5729744,-13016003.007227316,-1989564.4489467477,-2267587.71848768,-200221.65953,-247301.2436085,-54104645.968721874,-1828538.2144321343,-279501.673667,-318559.4529695,-37237834.62637059
0.37934521579764713,40.43000000000001,-36.790000000000006,-1046.1464837813885,-118.08409999999986,37.99,-33.87499999999999,-1336.993855877091,-178.10655000000014,1634.5849000000003,-1353.5041000000006,-1094422.465528163,-13943.854672809968,1443.2400999999995,-1147.5156249999995,-1787552.5706530914,-31721.94315290255,-2974.839400000001,-84591.40467856309,-76975.45827663458,-9548.280325999993,-8688.62807799999,-247066.53201097943,3071.8714,-2795.3042,-79486.20983770989,-8972.02991799999,-2739.1325,-2492.5225,-70876.42427618905,-8000.197774999989,-2573.8224999999998,-108109.3231862216,-98376.00791543636,-2797382.8423262783,-315755.4323535516,-101584.79316954136,-90581.33373567287,-14401.695633000014,-13105.079949000012,-372651.0820418684,-42063.10332170998,-13532.535669000008,-12066.718762500008,-476254.72608293215
0.4345680891033196,40.43000000000001,-44.07000000000001,-1046.1464837813885,-118.08409999999986,37.99,-42.105,-1336.993855877091,-178.10655000000014,1634.5849000000003,-1942.164900000001,-1094422.465528163,-13943.854672809968,1443.2400999999995,-1772.8310249999995,-1787552.5706530914,-31721.94315290255,-3563.5002000000013,-84591.40467856309,-92207.3510804916,-9548.280325999993,-10407.93257399999,-247066.53201097943,3071.8714,-3348.4386,-79486.20983770989,-8972.02991799999,-3404.6103000000003,-3711.134700000001,-88095.99539923071,-9943.862060999989,-3199.1378999999997,-108109.3231862216,-117842.63845700682,-2797382.8423262783,-315755.4323535516,-101584.79316954136,-112588.25260340984,-14401.695633000014,-15698.311317000014,-372651.0820418684,-42063.10332170998,-13532.535669000008,-14998.35257550001,-476254.72608293215
0.03051006450514629,78.56,-74.24000000000001,-1473.5240413991205,-852.9984000000001,11.799999999999995,-8.079999999999997,-1092.6362683522798,-1486.9168000000002,6171.6736,-5511.577600000001,-2171273.100581197,-727606.2704025601,139.23999999999992,-65.28639999999994,-1193854.014918795,-2210921.5701222406,-11664.5888,-231520.09738462983,-218788.84966694145,-134023.108608,-126653.20243200002,-2513827.2993499674,1854.016,-1752.064,-34775.16737701924,-20130.76224,-1269.5295999999994,-1199.7183999999995,-23812.148509009778,-13784.454143999996,-190.68799999999987,-171675.0104835102,-162234.63312494653,-3220051.6198434103,-1864033.9773729304,-25786.215933113795,-17657.002096572833,-233624.36761600003,-220777.4064640001,-4382015.304720496,-2536675.3026662404,-35091.23648,-24028.57548799999,-3249318.4474046268
0.09732588815526742,78.56,-82.88,-1473.5240413991205,-852.9984000000001,11.799999999999995,-15.519999999999998,-1092.6362683522798,-1486.9168000000002,6171.6736,-6869.094399999999,-2171273.100581197,-727606.2704025601,139.23999999999992,-240.87039999999996,-1193854.014918795,-2210921.5701222406,-13022.1056,-231520.09738462983,-244251.3451023182,-134023.108608,-141393.014784,-2513827.2993499674,1854.016,-1955.9679999999996,-34775.16737701924,-20130.76224,-2438.5024,-2572.5951999999997,-45738.18624502869,-26477.070336,-366.2719999999999,-171675.0104835102,-181115.3878420739,-3220051.6198434103,-1864033.9773729304,-25786.215933113795,-33915.42976965476,-233624.36761600003,-246471.328768,-4382015.304720496,-2536675.3026662404,-35091.23648,-46153.897472,-3249318.4474046268
1.0821143728644826,80.38,-69.31,-9675.757474968445,-1168.0342000000005,118.0,-117.88,-1.136978427005494,-4624.0288,6460.944399999999,-4803.8761,-93620282.7144077,-1364303.8923696408,13924.0,-13895.694399999998,-1.2927199434758878,-21381642.34322944,-11142.2756,-1555474.7716759269,-1341253.5011801256,-187773.17799200004,-161912.90080400003,-22603231.28333757,18969.68,-16357.16,-2283478.7640925525,-275656.07120000006,-18950.3888,-16340.5256,-2281156.58229856,-275375.7429920001,-27819.68,-182.7806519254032,-157.6079495515016,-22002.255027952546,-2656.059374809242,-268.3269087732966,-268.05403395081527,-743358.869888,-640982.8722560001,-89481962.45213872,-10802047.560369922,-1091270.7968,-1090161.029888,-10514.841982904203
1.0841938397022772,80.38,-91.45,-9675.757474968445,-1168.0342000000005,118.0,-118.12,-1.136978427005494,-4624.0288,6460.944399999999,-8363.102499999997,-93620282.7144077,-1364303.8923696408,13924.0,-13952.334400000002,-1.2927199434758878,-21381642.34322944,-14701.501999999997,-1555474.7716759269,-1769696.042171728,-187773.17799200004,-213633.45518,-22603231.28333757,18969.68,-21582.2,-2283478.7640925525,-275656.07120000006,-18988.9712,-21604.148,-2285800.945886545,-275936.39940800006,-27876.32,-182.7806519254032,-207.95335429930483,-22002.255027952546,-2656.059374809242,-268.3269087732966,-268.5997835957779,-743358.869888,-845734.8675199999,-89481962.45213872,-10802047.560369922,-1091270.7968,-1092380.563712,-10514.841982904203
0.5528734117742475,51.58,-48.67,-668.6143762309184,-19.4326,71.41,-49.475,-37989.62528494982,-1420.6765499999997,2660.4964,-2368.7689,-447045.1841026601,-377.6259427599999,5099.388099999999,-2447.7756249999998,-1443211629.2908986,-2018321.8597199016,-5020.7972,-68974.25905198154,-65082.9233823176,-2004.667016,-1891.569284,-25985.831455089887,7366.655599999999,-6951.0494,-95491.50521329977,-2775.3639319999997,-5103.840999999999,-4815.8965,-66159.39252804937,-1922.8557699999997,-7066.019499999999,-3919009.744395423,-3697910.125237016,-50800819.2262861,-1476474.3846246316,-5425678.283196533,-3759073.421945784,-146556.99289799997,-138288.65537699996,-1899769.530608286,-55214.87825105998,-202901.02487099997,-140575.94462249996,-107941939.57123052
0.8567870944394295,51.58,-54.49,-668.6143762309184,-19.4326,71.41,-93.345,-37989.62528494982,-1420.6765499999997,2660.4964,-2969.1601,-447045.1841026601,-377.6259427599999,5099.388099999999,-8713.289025,-1443211629.2908986,-2018321.8597199016,-5621.188399999999,-68974.25905198154,-72865.59472164548,-2004.667016,-2117.764748,-25985.831455089887,7366.655599999999,-7782.261799999999,-95491.50521329977,-2775.3639319999997,-9629.4702,-10172.7381,-124823.61789855016,-3627.872094,-13331.532899999998,-3919009.744395423,-4140109.363553831,-50800819.2262861,-1476474.3846246316,-5425678.283196533,-7092283.144447282,-146556.99289799997,-154825.33041899995,-1899769.530608286,-55214.87825105998,-202901.02487099997,-265226.1051195,-107941939.57123052
0.0,72.72,-53.375,-29547.93945724303,-1264.65645,8.39,-7.465000000000001,-67.55744212545666,-1733.10335,5288.1984,-2848.890625,-873080726.1688994,-1599355.9365266024,70.39210000000001,-55.726225000000014,-4564.007986534426,-3003647.2217812226,-7762.86,-4297452.314661426,-3154242.5370606934,-183931.634088,-135002.0760375,-74735984.43762378,1220.2416,-895.6325,-495814.4240925381,-21220.935231,-1085.7096,-796.8887500000001,-441150.7360966384,-18881.3207985,-125.26270000000002,-9825.554382726415,-7211.756946892498,-3992366.4196183854,-170873.90985892093,-1133.6138788651629,-1008.632610933068,-252062.551224,-185008.7826125,-102419265.71789016,-4383560.660188215,-29081.474213000005,-25875.233015500005,-234168.0585301201
0.0,72.72,-92.065,-29547.93945724303,-1264.65645,8.39,-9.315,-67.55744212545666,-1733.10335,5288.1984,-8475.964225,-873080726.1688994,-1599355.9365266024,70.39210000000001,-86.76922500000002,-4564.007986534426,-3003647.2217812226,-13389.9336,-4297452.314661426,-5440662.092262159,-183931.634088,-232861.1921385,-74735984.43762378,1220.2416,-1544.8507,-495814.4240925381,-21220.935231,-1354.7736000000002,-1715.1709500000002,-550478.1120884377,-23560.5496635,-156.30570000000003,-9825.554382726415,-12439.351818560335,-3992366.4196183854,-170873.90985892093,-1133.6138788651629,-1258.5951467972577,-252062.551224,-319116.31983550003,-102419265.71789016,-4383560.660188215,-29081.474213000005,-32287.715410500005,-234168.0585301201
0.7973734559121056,84.50999999999999,-71.085,-14230.439757688688,-1551.40135,81.37,-77.91000000000001,-945.2396483846508,-1008.0200999999998,7141.940099999999,-5053.077224999999,-202505415.69720688,-2406846.148781822,6621.076900000001,-6069.968100000002,-893477.9928783384,-1016104.5220040096,-12014.786699999995,-2405228.9278445416,-2023141.6203506005,-262217.8561769999,-220562.7299295,-44154246.9023438,13753.1574,-11568.3729,-2315861.766166257,-252475.055699,-13168.3482,-11076.4647,-2217387.1230430515,-241739.358357,-12679.073400000005,-159764.40536997368,-134384.7208108458,-26902351.74583322,-2932892.133154945,-153828.3003781181,-147287.24201129633,-170375.55730199994,-143310.21761699996,-28689138.61517865,-3127687.487934269,-164045.19107399997,-157069.691982,-1905641.129777321
0.8453537471116362,84.50999999999999,-97.935,-14230.439757688688,-1551.40135,81.37,-84.83,-945.2396483846508,-1008.0200999999998,7141.940099999999,-9591.264224999995,-202505415.69720688,-2406846.148781822,6621.076900000001,-7196.1289,-893477.9928783384,-1016104.5220040096,-16552.973699999995,-2405228.9278445416,-2787316.235338483,-262217.8561769999,-303872.98242449993,-44154246.9023438,13753.1574,-15937.9419,-2315861.766166257,-252475.055699,-14337.966599999998,-16615.6521,-2414336.4092894625,-263210.753041,-13805.2342,-159764.40536997368,-185144.08992910155,-26902351.74583322,-2932892.133154945,-153828.3003781181,-160369.35874493988,-170375.55730199994,-197440.896987,-28689138.61517865,-3127687.487934269,-164045.19107399997,-171020.69016599996,-1905641.129777321
0.5190020071338739,61.78,-54.165,-4578.56672537088,-254.74485,53.92,-44.34,-7246.374090849099,-198.9192,3816.7684,-2933.847225,-20963273.258673426,-64894.93860152251,2907.3664000000003,-1966.0356000000004,-52509937.46452911,-39568.84812864,-6692.6274,-565727.7045868259,-495996.1333594274,-31476.273666,-27596.5096005,-2332732.587339192,6662.3552,-5841.1536,-493752.6356639957,-27471.684624,-5478.6504,-4803.3522,-406027.29720588966,-22590.773298000004,-4781.6256,-895361.9826653147,-784999.7052616829,-66356014.58390269,-3691952.96163448,-781448.9819571669,-642608.4543764981,-24578.456352,-21548.916936,-1821529.6603147904,-101347.28353224,-21451.446528,-17640.154656,-2882885.87410486
0.647082768961446,61.78,-69.395,-4578.56672537088,-254.74485,53.92,-63.5,-7246.374090849099,-198.9192,3816.7684,-4815.666025,-20963273.258673426,-64894.93860152251,2907.3664000000003,-4032.25,-52509937.46452911,-39568.84812864,-8574.4462,-565727.7045868259,-635459.2758142244,-31476.273666,-35356.0377315,-2332732.587339192,6662.3552,-7483.556799999999,-493752.6356639957,-27471.684624,-7846.06,-8813.164999999999,-581477.9741221018,-32352.595950000003,-6847.84,-895361.9826653147,-1005724.2600689464,-66356014.58390269,-3691952.96163448,-781448.9819571669,-920289.5095378356,-24578.456352,-27607.995768,-1821529.6603147904,-101347.28353224,-21451.446528,-25262.7384,-2882885.87410486
0.7269135777065505,25.17,-16.26,-6268.233129232977,-775.3050999999999,89.63,-84.17,-2353.829588508124,-1630.1600999999996,633.5289000000001,-264.3876000000001,-39290746.56241384,-601097.9980860099,8033.536899999999,-7084.588900000001,-5540513.731736324,-2657421.951632009,-818.5284000000001,-315542.8557255881,-203842.94136265645,-39028.858734,-25212.921852,-9719586.226166572,4511.9742,-2914.7676,-1123643.4707463034,-138981.19222599998,-4237.1178,-2737.2084000000004,-1055194.3649750794,-130514.860534,-15088.3142,-118491.78148549896,-76546.5382182842,-29508705.21451089,-3649872.1690024994,-421947.4920359663,-396243.6729294576,-82062.25943399999,-53012.80645199999,-20436447.08954748,-2527742.878693019,-292222.49952599994,-274421.15123399993,-7674238.154770722
0.8092690373651615,25.17,-34.08,-6268.233129232977,-775.3050999999999,89.63,-95.09,-2353.829588508124,-1630.1600999999996,633.5289000000001,-1161.4463999999998,-39290746.56241384,-601097.9980860099,8033.536899999999,-9042.108099999998,-5540513.731736324,-2657421.951632009,-1715.5872,-315542.8557255881,-427242.7700885197,-39028.858734,-52844.795616,-9719586.226166572,4511.9742,-6109.180799999999,-1123643.4707463034,-138981.19222599998,-4786.8306,-6481.334399999999,-1192092.5765175277,-147447.52391799996,-17045.833399999996,-118491.78148549896,-160437.0247527137,-29508705.21451089,-3649872.1690024994,-421947.4920359663,-447651.3111424749,-82062.25943399999,-111111.71241599997,-20436447.08954748,-2527742.878693019,-292222.49952599994,-310023.8478179999,-7674238.154770722
0.7352365697689405,38.67,-33.615,-2017.585984009171,-179.47494999999998,78.83,-77.495,-140.71884562985184,-834.7333499999999,1495.3689000000002,-1129.968225,-4070653.2028702544,-32211.257677502494,6214.1689,-6005.475025000001,-19801.793515398072,-696779.7656022223,-2599.7841000000003,-156040.1000032693,-135642.30570493656,-13880.592632999998,-12066.1008885,-724212.2872014934,6096.7122,-5299.7409,-318092.6062388859,-28296.020616999995,-5993.4633,-5209.988850000001,-312705.6516615814,-27816.8225005,-12217.8617,-10883.195521012742,-9460.52799169494,-567824.7412574785,-50511.01556695075,-22185.73320200244,-21810.013884170738,-64558.27728899999,-56119.12312049999,-3368292.614690043,-299627.4525091649,-131604.05996099996,-129375.3219165,-234925.42684147813
0.7542688859433004,38.67,-43.725,-2017.585984009171,-179.47494999999998,78.83,-80.16499999999999,-140.71884562985184,-834.7333499999999,1495.3689000000002,-1911.875625,-4070653.2028702544,-32211.257677502494,6214.1689,-6426.427224999999,-19801.793515398072,-696779.7656022223,-3381.6915000000004,-156040.1000032693,-176437.894301602,-13880.592632999998,-15695.0843775,-724212.2872014934,6096.7122,-6893.6835,-318092.6062388859,-28296.020616999995,-6199.9611,-7010.429249999999,-323479.5608161903,-28775.218733499994,-12638.8139,-10883.195521012742,-12305.863050330545,-567824.7412574785,-50511.01556695075,-22185.73320200244,-22561.452519834143,-64558.27728899999,-72997.43145749999,-3368292.614690043,-299627.4525091649,-131604.05996099996,-133832.79800549996,-234925.42684147813
0.6399328191025339,54.290000000000006,-46.7,-4548.553258387166,-133.62030000000004,62.01,-61.37,-32.34071970148961,-145.05929999999995,2947.4041000000007,-2180.8900000000003,-20689336.74438451,-17854.38457209001,3845.2401,-3766.2769,-1045.9221508103185,-21042.200516489986,-5070.686000000001,-493881.9127956786,-424834.8743333613,-14508.492174000006,-12480.136020000004,-1215558.1019033417,6733.045800000001,-5791.734,-564111.5751051763,-16571.589606000005,-6663.5546,-5731.9580000000005,-558289.4269344407,-16400.555622000003,-7611.1074,-3511.555345187742,-3020.6232201191297,-294206.9719535932,-8642.753337457907,-4010.896057378741,-3969.4999361608343,-15750.538793999996,-13548.538619999996,-1319619.9033487225,-38765.73436758,-17990.254385999993,-17804.578481999994,-9382.64432278858
0.6489493413283024,54.290000000000006,-61.88000000000001,-4548.553258387166,-133.62030000000004,62.01,-62.65,-32.34071970148961,-145.05929999999995,2947.4041000000007,-3829.134400000001,-20689336.74438451,-17854.38457209001,3845.2401,-3925.0225,-1045.9221508103185,-21042.200516489986,-6718.930400000002,-493881.9127956786,-562928.9512579958,-14508.492174000006,-16536.848328000007,-1215558.1019033417,6733.045800000001,-7674.357600000001,-564111.5751051763,-16571.589606000005,-6802.537,-7753.564000000001,-569933.7232759119,-16742.623590000007,-7769.852999999999,-3511.555345187742,-4002.4874702563543,-294206.9719535932,-8642.753337457907,-4010.896057378741,-4052.292178596648,-15750.538793999996,-17952.538967999997,-1319619.9033487225,-38765.73436758,-17990.254385999993,-18175.930289999997,-9382.64432278858
1.0262141192254208,50.56999999999999,-38.72999999999999,-11068.611317834817,-280.6961,116.42,-115.41,-80.54386759641002,-4413.6566,2557.324899999999,-1500.0128999999993,-122514156.505301,-78790.30055521001,13553.6164,-13319.4681,-6487.314607388029,-19480364.58272356,-3917.152199999999,-1119479.3486858131,-857374.6326794847,-28389.603554,-21742.719905999995,-6213832.058664187,11774.7188,-9017.8932,-2577215.4592446587,-65357.279924,-11672.567399999998,-8939.658599999997,-2554856.8643826325,-64790.273802,-26872.0644,-8146.2067687009085,-6238.927984017919,-1783017.528919626,-45216.69902645733,-18753.83413114811,-18591.13551860336,-446397.228524,-341881.8402359999,-97706098.79159269,-2477792.3887185203,-1027675.802744,-1018760.216412,-710985.9456128426
1.0413727417847127,50.56999999999999,-62.41,-11068.611317834817,-280.6961,116.42,-117.43,-80.54386759641002,-4413.6566,2557.324899999999,-3895.0081,-122514156.505301,-78790.30055521001,13553.6164,-13789.8049,-6487.314607388029,-19480364.58272356,-6312.147399999999,-1119479.3486858131,-1381584.0646921415,-28389.603554,-35036.487202,-6213832.058664187,11774.7188,-14531.5444,-2577215.4592446587,-65357.279924,-11876.8702,-14657.6126,-2599574.0541066853,-65924.28604600001,-27342.4012,-8146.2067687009085,-10053.485553383898,-1783017.528919626,-45216.69902645733,-18753.83413114811,-18916.53274369286,-446397.228524,-550912.616812,-97706098.79159269,-2477792.3887185203,-1027675.802744,-1036591.389076,-710985.9456128426
1.0038164403115672,51.67,-48.25,-923.5107273352126,-26.181700000000003,113.13,-110.045,-751.4499659692613,-4004.43135,2669.7889,-2328.0625,-852872.0635032133,-685.4814148900001,12798.3969,-12109.902025,-564677.0513552038,-16035470.436862824,-4986.155,-95435.59856282087,-89118.78518784801,-2705.6168780000003,-2526.53405,-48358.16161974467,11690.8542,-10917.045,-208953.5371668652,-5923.871442000001,-11372.0503,-10619.3425,-203255.4759792069,-5762.330353,-24898.7817,-77654.83948326347,-72514.92171603371,-1387944.2092565864,-39348.47514803482,-170023.06930020504,-165386.62301017472,-413817.935709,-386427.62527500006,-7396270.617204855,-209685.64055259005,-906042.637251,-881335.2958215001,-6018259.603367486
1.0486845291108577,51.67,-55.09,-923.5107273352126,-26.181700000000003,113.13,-116.215,-751.4499659692613,-4004.43135,2669.7889,-3034.908100000001,-852872.0635032133,-685.4814148900001,12798.3969,-13505.926224999996,-564677.0513552038,-16035470.436862824,-5693.0006,-95435.59856282087,-101752.41193779372,-2705.6168780000003,-2884.6997060000003,-48358.16161974467,11690.8542,-12464.6634,-208953.5371668652,-5923.871442000001,-12009.6581,-12804.5687,-214651.59835452345,-6085.412531,-26294.8059,-77654.83948326347,-82794.7572504932,-1387944.2092565864,-39348.47514803482,-170023.06930020504,-174659.5155902354,-413817.935709,-441208.2461430001,-7396270.617204855,-209685.64055259005,-906042.637251,-930749.9786805,-6018259.603367486
0.4334880451488734,55.7,-47.61,-5167.574846423491,-163.38620000000003,54.05,-34.80499999999999,-29243.24503017261,-757.1425500000001,3102.49,-2266.7121,-26703829.79338877,-26695.05035044001,2921.4025,-1211.3880249999995,-855167379.8947151,-573264.8410205027,-5303.754,-575667.8378915769,-492056.4768764448,-18201.222680000003,-15557.633964000002,-1688620.834745436,6021.17,-5146.641,-558614.8408983793,-17662.04822,-3877.277,-3314.1321,-359714.8850595392,-11373.313382,-3762.420499999999,-3257697.4963612286,-2784541.791773036,-302233314.8914375,-9555885.362297578,-3161194.787761659,-2035622.2865503149,-84345.68007000002,-72095.11361100001,-7825181.593073882,-247413.2882056201,-81847.10965500001,-52704.6929055,-44282610.22483944
0.6942986938506248,55.7,-63.790000000000006,-5167.574846423491,-163.38620000000003,54.05,-73.295,-29243.24503017261,-757.1425500000001,3102.49,-4069.164100000001,-26703829.79338877,-26695.05035044001,2921.4025,-5372.157025,-855167379.8947151,-573264.8410205027,-7106.206000000001,-575667.8378915769,-659279.1989067091,-18201.222680000003,-20844.811396000005,-1688620.834745436,6021.17,-6895.6990000000005,-558614.8408983793,-17662.04822,-8165.063000000001,-9350.976100000002,-757514.7967372196,-23950.783058000005,-7923.189499999999,-3257697.4963612286,-3730853.200949422,-302233314.8914375,-9555885.362297578,-3161194.787761659,-4286767.288973003,-84345.68007000002,-96596.24652900004,-7825181.593073882,-247413.2882056201,-81847.10965500001,-110989.52640450002,-44282610.22483944
0.5038509695070207,57.41,-41.92999999999999,-18920.458003798427,-534.1689,51.0,-46.315,-1733.0413412840044,-44.89844999999999,3295.9081,-1758.1248999999991,-357983731.0735,-285336.41372721,2601.0,-2145.079225,-3003432.2905994607,-2015.870812402499,-4814.402599999999,-2172446.9879961354,-1586669.608198536,-61333.273098,-44795.403954,-20213440.478770405,5855.82,-4276.86,-1929886.7163874395,-54485.2278,-5317.8883,-3883.975899999999,-1752602.0248918482,-49480.065207,-4724.13,-198987.80680622935,-145332.84688007657,-65579871.833221,-1851473.5738564024,-176770.21681096844,-160531.61944313732,-5155.240028999999,-3765.184016999999,-1698998.4753212866,-47966.71129640999,-4579.641899999999,-4158.943423499999,-155621.74001914557
0.567556413994424,57.41,-72.89,-18920.458003798427,-534.1689,51.0,-55.685,-1733.0413412840044,-44.89844999999999,3295.9081,-5312.9521,-357983731.0735,-285336.41372721,2601.0,-3100.819225,-3003432.2905994607,-2015.870812402499,-8369.2298,-2172446.9879961354,-2758224.3677937347,-61333.273098,-77871.142242,-20213440.478770405,5855.82,-7434.78,-1929886.7163874395,-54485.2278,-6393.7517,-8117.759300000001,-2107171.407883031,-59490.390393,-5679.87,-198987.80680622935,-252642.76673238212,-65579871.833221,-1851473.5738564024,-176770.21681096844,-193008.8141787996,-5155.240028999999,-6545.296040999999,-1698998.4753212866,-47966.71129640999,-4579.641899999999,-5000.340376499999,-155621.74001914557
0.06473653843217461,68.14,-67.84,-7.106115168784338,-329.23960000000005,12.64,-9.855,-612.4069791667145,-1411.2820499999998,4643.0596000000005,-4602.265600000001,-50.496872792026856,-108398.71420816005,159.76960000000005,-97.121025,-375042.3081321006,-1991717.024652202,-9245.2352,-968.4213752019295,-964.157706100659,-44868.772688000005,-44671.22892800001,-4679.2290314489765,1722.5792,-1714.9952,-179.64259146686803,-8323.177088000002,-1343.0394,-1337.1264,-140.0615299767393,-6489.312516000001,-249.13440000000003,-83458.82312083985,-83091.37893333982,-8703.669048251966,-403257.25771611487,-15481.648433334542,-12070.541559375944,-192329.517774,-191482.748544,-20057.465565876108,-929299.87525836,-35677.210223999995,-27816.3692055,-1728557.953985416
0.11143039789357186,68.14,-68.44,-7.106115168784338,-329.23960000000005,12.64,-15.425,-612.4069791667145,-1411.2820499999998,4643.0596000000005,-4684.0336,-50.496872792026856,-108398.71420816005,159.76960000000005,-237.930625,-375042.3081321006,-1991717.024652202,-9327.0032,-968.4213752019295,-972.6850443032,-44868.772688000005,-45066.316448000005,-4679.2290314489765,1722.5792,-1730.1632,-179.64259146686803,-8323.177088000002,-2102.119,-2111.3740000000003,-219.22365295699683,-10157.041660000004,-389.944,-83458.82312083985,-83826.26730833987,-8703.669048251966,-403257.25771611487,-15481.648433334542,-18892.75530729314,-192329.517774,-193176.28700399995,-20057.465565876108,-929299.87525836,-35677.210223999995,-43538.0512425,-1728557.953985416
0.609582556838695,6.650000000000006,-3.4650000000000056,-800.9559016451256,-1899.5109499999996,95.27,-83.925,-10162.457276799363,-2306.79095,44.22250000000008,-12.00622500000004,-641530.356380156,-3608141.8491699,9076.372899999998,-7043.405624999999,-103275537.90277232,-5321284.487001902,-46.08450000000011,-10652.713491880178,-5550.624398400729,-25263.49563500001,-13163.610883500018,-3042849.011284077,1267.091000000001,-660.221100000001,-152614.1374994622,-361932.8164129999,-1116.202500000001,-581.6002500000009,-134440.4480911343,-318832.9129574999,-15991.0695,-135160.68178143166,-70425.82892821971,-16279360.262137802,-38607397.75237513,-1936354.6095213504,-1705768.4539107732,-30680.319635000025,-15986.061283500028,-3695275.650528132,-8763549.337771803,-439535.947613,-387194.8609575,-46885328.95176484
0.8069756020719505,6.650000000000006,-9.835000000000006,-800.9559016451256,-1899.5109499999996,95.27,-106.615,-10162.457276799363,-2306.79095,44.22250000000008,-96.72722500000012,-641530.356380156,-3608141.8491699,9076.372899999998,-11366.758225,-103275537.90277232,-5321284.487001902,-130.8055000000002,-10652.713491880178,-15754.80258535963,-25263.49563500001,-37363.380386500015,-3042849.011284077,1267.091000000001,-1873.9609000000007,-152614.1374994622,-361932.8164129999,-1417.979500000001,-2097.117050000001,-170787.82690779012,-405032.71986849984,-20314.4221,-135160.68178143166,-199895.5346346436,-16279360.262137802,-38607397.75237513,-1936354.6095213504,-2166940.765131928,-30680.319635000025,-45374.57798650003,-3695275.650528132,-8763549.337771803,-439535.947613,-491877.0342685,-46885328.95176484
0.972441426172721,118.3,-117.79,-20.53667283778674,-4665.410199999999,101.76,-99.785,-307.9810053359935,-2686.8988500000005,13994.89,-13874.484099999998,-421.7549312462877,-21766052.334264036,10355.0976,-9957.046225000002,-94852.29964776924,-7219425.430131325,-27869.114,-4858.976793420342,-4838.0293871258,-1103836.0533199997,-1099077.3349159998,-191624.0058629464,24076.416,-23972.6208,-4179.623655946358,-949504.283904,-23609.131,-23507.3503,-4098.5037982371,-931075.913614,-20308.243200000004,-72868.30586249605,-72554.16523705334,-12649.8102936759,-2873715.447401596,-62680.294205981394,-61463.76923490423,-635720.26791,-632979.6310830001,-110359.92526135089,-25070970.60231654,-546837.6539520001,-536224.4034945002,-1655027.6181182498
1.000086807288953,118.3,-118.81,-20.53667283778674,-4665.410199999999,101.76,-103.735,-307.9810053359935,-2686.8988500000005,13994.89,-14115.8161,-421.7549312462877,-21766052.334264036,10355.0976,-10760.950225,-94852.29964776924,-7219425.430131325,-28110.446,-4858.976793420342,-4879.924199714885,-1103836.0533199997,-1108594.771724,-191624.0058629464,24076.416,-24180.2112,-4179.623655946358,-949504.283904,-24543.701,-24649.5107,-4260.743513655615,-967932.6541939998,-21112.1472,-72868.30586249605,-73182.44648793877,-12649.8102936759,-2873715.447401596,-62680.294205981394,-63896.81917705857,-635720.26791,-638460.9047370001,-110359.92526135089,-25070970.60231654,-546837.6539520001,-557450.9044095001,-1655027.6181182498
0.9677278588302516,49.31999999999999,-43.55,-2628.7020189202226,-67.0482,110.56,-105.92,-1699.9090793095472,-3710.5728,2432.4623999999994,-1896.6025,-6910074.304275255,-4495.461123239999,12223.5136,-11219.0464,-2889690.8779190327,-13768350.504099842,-4295.771999999999,-259295.1671462907,-228959.94584795137,-6613.634447999999,-5839.898219999999,-352499.4774099337,10905.638399999998,-9629.776,-581258.5904236396,-14825.697984,-10447.948799999998,-9225.632,-556864.2356880599,-14203.490688,-23421.0304,-167679.03158309372,-148062.08080786155,-8937108.857523648,-227951.68786272476,-375883.8956169271,-360108.7393609345,-366010.900992,-323190.89088,-19507980.421420928,-497574.45441792,-820481.8575360001,-786047.7419520001,-12615272.7843181
1.035258748652858,49.31999999999999,-55.08999999999999,-2628.7020189202226,-67.0482,110.56,-115.2,-1699.9090793095472,-3710.5728,2432.4623999999994,-3034.9080999999987,-6910074.304275255,-4495.461123239999,12223.5136,-13271.04,-2889690.8779190327,-13768350.504099842,-5434.077599999998,-259295.1671462907,-289630.3884446301,-6613.634447999999,-7387.370675999998,-352499.4774099337,10905.638399999998,-12181.500799999998,-581258.5904236396,-14825.697984,-11363.328,-12692.735999999995,-605652.9451592193,-15447.90528,-25473.024,-167679.03158309372,-187295.98235832588,-8937108.857523648,-227951.68786272476,-375883.8956169271,-391659.05187291966,-366010.900992,-408830.911104,-19507980.421420928,-497574.45441792,-820481.8575360001,-854915.9731200001,-12615272.7843181
0.8141671127474901,22.120000000000005,-18.285000000000004,-1161.2359407024917,-806.7088499999998,101.6,-96.115,-2375.434152542109,-2722.73045,489.2944000000002,-334.3412250000001,-1348468.9099792002,-650779.1686683221,10322.56,-9238.093225,-5642687.413063448,-7413261.103357202,-808.9284000000004,-51373.07801667824,-42466.39835149012,-35688.799523999995,-29501.3426445,-1873558.6206055493,4494.784000000001,-3715.5120000000006,-235963.14315074624,-163923.23831999995,-4252.127600000001,-3514.9255500000004,-223224.3848812399,-155073.64223549995,-19530.568,-105089.20690846292,-86869.62695846494,-5516879.025408124,-3832567.5068959375,-482688.2197965566,-456629.7071431696,-120453.59510800002,-99570.25255650004,-6323464.910770136,-4392901.500358963,-553258.82744,-523390.4744035,-12935333.798192693
0.8979415250394969,22.120000000000005,-25.955000000000005,-1161.2359407024917,-806.7088499999998,101.6,-107.085,-2375.434152542109,-2722.73045,489.2944000000002,-673.6620250000003,-1348468.9099792002,-650779.1686683221,10322.56,-11467.197224999998,-5642687.413063448,-7413261.103357202,-1148.2492000000004,-51373.07801667824,-60279.75768186634,-35688.799523999995,-41876.2564035,-1873558.6206055493,4494.784000000001,-5274.0560000000005,-235963.14315074624,-163923.23831999995,-4737.4404,-5558.78235,-248701.90142025257,-172772.83440449994,-21759.672,-105089.20690846292,-123308.78685846092,-5516879.025408124,-3832567.5068959375,-482688.2197965566,-508746.7324499435,-120453.59510800002,-141336.93765950002,-6323464.910770136,-4392901.500358963,-553258.82744,-583127.1804765,-12935333.798192693
0.0,47.81999999999999,-26.93499999999999,-34439.6470171308,-877.1188500000002,6.079999999999998,-3.229999999999998,-641.3268939827865,-1945.2114,2286.7523999999994,-725.4942249999996,-1186089286.6645665,-769337.4770253228,36.96639999999998,-10.432899999999988,-411300.18494560826,-3783847.3906899607,-2576.063399999998,-3293807.840718389,-1855263.784812836,-83887.646814,-47250.3924495,-60415327.172143415,581.4911999999997,-327.5295999999998,-418786.10772831045,-10665.765216,-308.9171999999998,-174.00009999999986,-222480.11973066485,-5666.187770999998,-39.276799999999966,-61336.504140513694,-34548.279778852695,-44174143.70272007,-1125039.8154485074,-7798.5350308306815,-4142.971735128798,-186040.018296,-104788.53811799995,-133984787.97939768,-3412363.172349781,-23653.770623999997,-12566.065643999997,-2495032.770603816
0.0,47.81999999999999,-68.705,-34439.6470171308,-877.1188500000002,6.079999999999998,-8.929999999999998,-641.3268939827865,-1945.2114,2286.7523999999994,-4720.377025,-1186089286.6645665,-769337.4770253228,36.96639999999998,-79.74489999999996,-411300.18494560826,-3783847.3906899607,-6570.946199999999,-3293807.840718389,-4732351.896623944,-83887.646814,-120524.90117850002,-60415327.172143415,581.4911999999997,-835.4527999999998,-418786.10772831045,-10665.765216,-854.0651999999997,-1227.0712999999996,-615092.095725956,-15665.342661,-108.58879999999996,-61336.504140513694,-88124.7285021747,-44174143.70272007,-1125039.8154485074,-7798.5350308306815,-11454.098326532565,-186040.018296,-267291.498474,-133984787.97939768,-3412363.172349781,-23653.770623999997,-34741.47560399999,-2495032.770603816
0.33750493787493263,48.78,-35.89,-13118.843979281915,-333.79260000000005,36.73,-28.285000000000004,-5631.045547336007,-318.72894999999994,2379.4884,-1288.0921,-172104067.35274136,-111417.49981476004,1349.0929000000003,-800.0412250000002,-31708673.95617267,-101588.14356810246,-3501.4284,-1279874.4186187438,-941670.620832856,-32564.806056000005,-23959.632828000005,-8757946.081677714,3583.3788000000004,-2636.4794,-963710.2787180496,-24520.404396000005,-2759.4846,-2030.2973000000004,-742133.0039079781,-18882.647382000006,-2077.8161000000005,-549364.8035981009,-404196.4493877786,-147745615.95146242,-3759202.6679274174,-413656.6059073031,-318548.246612798,-31095.196361999995,-22878.364031,-8362710.733460692,-212778.72983154,-23413.828667,-18030.4967015,-3589554.469409161
0.4511856923792263,48.78,-61.67,-13118.843979281915,-333.79260000000005,36.73,-45.175,-5631.045547336007,-318.72894999999994,2379.4884,-3803.1889,-172104067.35274136,-111417.49981476004,1349.0929000000003,-2040.7806250000003,-31708673.95617267,-101588.14356810246,-6016.5252,-1279874.4186187438,-1618078.2164046315,-32564.806056000005,-41169.97928400001,-8757946.081677714,3583.3788000000004,-4530.278200000001,-963710.2787180496,-24520.404396000005,-4407.273,-5571.884500000001,-1185287.5535281212,-30158.161410000008,-3318.555500000001,-549364.8035981009,-694533.1578084232,-147745615.95146242,-3759202.6679274174,-413656.6059073031,-508764.9652018083,-31095.196361999995,-39312.02869299999,-8362710.733460692,-212778.72983154,-23413.828667,-28797.1606325,-3589554.469409161
0.40935049740617707,12.409999999999997,-7.739999999999997,-1721.9617233833417,-1456.6259000000002,74.87,-53.23,-36974.664777155005,-1555.0960999999998,154.00809999999993,-59.907599999999945,-2965152.176797327,-2121759.012550811,5605.5169000000005,-2833.4329,-1367125835.382987,-2418323.880235209,-192.10679999999985,-42739.089974374525,-26655.967477974114,-36153.454838,-22548.568931999995,-5016508.090177623,1858.2734,-1158.9875999999997,-257846.54845942155,-218115.1622660001,-1321.1685999999995,-824.0003999999997,-183320.04507139052,-155072.39331400004,-7970.660200000001,-917711.179768987,-572367.8107503592,-127337914.96238232,-107716508.71644343,-5536586.303731191,-3936322.812175922,-38597.48520199998,-24072.887627999982,-5355631.920765425,-4530386.51249798,-232860.090014,-165555.530806,-114998313.9875222
0.7633269304815413,12.409999999999997,-17.08,-1721.9617233833417,-1456.6259000000002,74.87,-96.51,-36974.664777155005,-1555.0960999999998,154.00809999999993,-291.7264,-2965152.176797327,-2121759.012550811,5605.5169000000005,-9314.1801,-1367125835.382987,-2418323.880235209,-423.9255999999999,-42739.089974374525,-58822.21247077494,-36153.454838,-49758.340744,-5016508.090177623,1858.2734,-2557.5592,-257846.54845942155,-218115.1622660001,-2395.3782,-3296.7816,-332373.0518474526,-281157.93121800007,-14451.407400000002,-917711.179768987,-1263054.5487876148,-127337914.96238232,-107716508.71644343,-5536586.303731191,-7136849.79528646,-38597.48520199998,-53122.08277599999,-5355631.920765425,-4530386.51249798,-232860.090014,-300164.649222,-114998313.9875222
0.7987430575828665,52.92,-43.63,-6814.298601536447,-181.1346,92.59,-82.21000000000001,-8507.15683546186,-2029.3969000000004,2800.5264,-1903.5769000000005,-46434665.43090157,-32809.74331715999,8572.9081,-6758.4841000000015,-72371717.42314544,-4118451.777729612,-4617.7992,-721225.3639866175,-594615.6959700704,-19171.286064,-15805.805196,-2468610.502939727,9799.725600000002,-8079.403400000001,-1261871.8150325192,-33542.505227999995,-8701.1064,-7173.644600000001,-1120406.9760646226,-29782.150932,-15223.647800000002,-900397.4794652832,-742334.5054624019,-115940613.85387796,-3081880.901057299,-1575355.3027908271,-1398746.7268866391,-214791.36789600004,-177085.17349400005,-27657832.915264808,-735187.99144548,-375803.7179420001,-333673.4382980001,-34528795.41940022
0.9461360806862003,52.92,-62.21,-6814.298601536447,-181.1346,92.59,-102.97,-8507.15683546186,-2029.3969000000004,2800.5264,-3870.0841,-46434665.43090157,-32809.74331715999,8572.9081,-10602.8209,-72371717.42314544,-4118451.777729612,-6584.3064,-721225.3639866175,-847835.0320031648,-19171.286064,-22536.766932,-2468610.502939727,9799.725600000002,-11520.0478,-1261871.8150325192,-33542.505227999995,-10898.3448,-12811.5274,-1403336.654000416,-37302.85952399999,-19067.9846,-900397.4794652832,-1058460.453468165,-115940613.85387796,-3081880.901057299,-1575355.3027908271,-1751963.878695015,-214791.36789600004,-252497.5622980001,-27657832.915264808,-735187.99144548,-375803.7179420001,-417933.99758600007,-34528795.41940022
0.0,47.040000000000006,-24.36500000000001,-40596.1009547588,-1037.07285,0.8900000000000006,-0.6150000000000005,-5.971110662659062,-2411.94335,2212.7616000000007,-593.6532250000002,-1648043412.728968,-1075520.0962071226,0.792100000000001,-0.3782250000000007,-35.654162545720745,-5817470.723609222,-2292.259200000001,-3819281.177823708,-1978247.9995253969,-97567.813728,-50536.55998050001,-84202228.23207885,83.73120000000006,-43.36970000000004,-72261.0596994707,-1845.9896730000007,-57.85920000000006,-29.968950000000035,-49933.20417435336,-1275.5996055000012,-1.0947000000000016,-561.7620911429647,-290.9722225913762,-484807.622546688,-12384.953505178444,-10.628576979533138,-7.344466115070653,-226915.63036800004,-117533.99944550004,-195830991.46751827,-5002721.928046095,-4293.259163000002,-2966.6903205000026,-28803.96130982924
0.0,47.040000000000006,-69.715,-40596.1009547588,-1037.07285,0.8900000000000006,-1.1650000000000005,-5.971110662659062,-2411.94335,2212.7616000000007,-4860.181225,-1648043412.728968,-1075520.0962071226,0.792100000000001,-1.357225000000001,-35.654162545720745,-5817470.723609222,-6558.787200000002,-3819281.177823708,-5660314.35612202,-97567.813728,-144599.06747550002,-84202228.23207885,83.73120000000006,-124.09270000000008,-72261.0596994707,-1845.9896730000007,-109.60320000000006,-162.43595000000008,-94588.91522458804,-2416.379740500001,-2.0737000000000023,-561.7620911429647,-832.551959694553,-484807.622546688,-12384.953505178444,-10.628576979533138,-13.91268784399562,-226915.63036800004,-336297.2612905,-195830991.46751827,-5002721.928046095,-4293.259163000002,-5619.828005500002,-28803.96130982924
0.8907877371837223,25.980000000000004,-15.385000000000003,-8863.222553439959,-801.4684499999998,110.66,-106.03,-1692.5897806856997,-3722.5094,674.9604000000002,-236.6982250000001,-78556714.03180674,-642351.6763454023,12245.6356,-11242.3609,-2864860.165681665,-13857076.233088356,-799.4046000000003,-460533.0438767403,-272721.3579693476,-41644.300662,-24661.1842065,-14207186.48382113,5749.8936,-3405.0082000000007,-1961608.415527332,-177380.99735399996,-5509.318800000001,-3262.543100000001,-1879534.9746824773,-169959.39950699997,-23466.5596,-87946.96500442897,-52080.98755169899,-30003599.835790973,-2713114.616024015,-374603.9702613591,-358930.58889220946,-193421.588424,-114541.614238,-65986858.53894449,-5966947.677856858,-823865.7804079999,-789395.3433639999,-12601362.737892907
0.9619861594051564,25.980000000000004,-36.575,-8863.222553439959,-801.4684499999998,110.66,-115.29,-1692.5897806856997,-3722.5094,674.9604000000002,-1337.730625,-78556714.03180674,-642351.6763454023,12245.6356,-13291.7841,-2864860.165681665,-13857076.233088356,-1900.4370000000004,-460533.0438767403,-648344.729784133,-41644.300662,-58627.4171175,-14207186.48382113,5749.8936,-8094.779,-1961608.415527332,-177380.99735399996,-5990.468400000001,-8433.4635,-2043681.8563721853,-184802.595201,-25515.9828,-87946.96500442897,-123812.94245715896,-30003599.835790973,-2713114.616024015,-374603.9702613591,-390277.3516305086,-193421.588424,-272301.56261,-65986858.53894449,-5966947.677856858,-823865.7804079999,-858336.2174519998,-12601362.737892907
0.23531632458388238,42.150000000000006,-36.325,-2679.054766653701,-129.4837499999999,29.14,-17.65,-10423.889279938056,-699.1798,1776.6225000000004,-1319.5056250000002,-7177334.442729916,-16766.041514062475,849.1396000000001,-311.5224999999999,-108657467.72040756,-488852.39272804,-3062.1975000000007,-225844.316828907,-194633.32879739135,-10915.480124999993,-9406.994437499994,-693788.1152833918,2456.5020000000004,-2117.021,-156135.31180057768,-7546.312949999994,-1487.895,-1282.2725,-94570.63326287564,-4570.776374999996,-1028.6419999999998,-878733.8662987783,-757295.5561874999,-55852340.52497693,-2699448.547102357,-607504.26723479,-367963.2915818134,-58940.85714000001,-50795.41247,-3746281.9518759614,-181064.84485649987,-40748.198744,-24681.04694,-14576345.64393847
0.39081167090226865,42.150000000000006,-47.97500000000001,-2679.054766653701,-129.4837499999999,29.14,-40.63,-10423.889279938056,-699.1798,1776.6225000000004,-2301.600625000001,-7177334.442729916,-16766.041514062475,849.1396000000001,-1650.7969000000005,-108657467.72040756,-488852.39272804,-4044.2925000000014,-225844.316828907,-257055.30486042265,-10915.480124999993,-12423.965812499991,-693788.1152833918,2456.5020000000004,-2795.9830000000006,-156135.31180057768,-7546.312949999994,-3425.109000000001,-3898.448500000001,-217699.99033827972,-10521.849524999992,-2367.9164,-878733.8662987783,-1000172.1764100568,-55852340.52497693,-2699448.547102357,-607504.26723479,-847045.2428877666,-58940.85714000001,-67086.30181000002,-3746281.9518759614,-181064.84485649987,-40748.198744,-56815.350548,-14576345.64393847
0.6425225589480159,93.47,-80.845,-12584.979311939069,-2208.42215,60.22,-58.085,-359.9030201692442,-113.56484999999998,8736.6409,-6535.914025,-158381704.28193432,-4877128.392610622,3626.4484,-3373.867225,-129530.1839269434,-12896.975155522496,-15113.1643,-2352636.032573889,-2034865.304947428,-412842.436721,-357079.7774335,-55585894.13955598,11257.5268,-9736.9718,-1515734.908329941,-265982.363746,-10858.4099,-9391.76365,-1461997.0466679614,-256552.4011655,-6995.7574,-67280.27059043851,-58192.71933116509,-9058744.126268651,-1589635.6031873112,-43346.71974918377,-41809.9338530611,-21229.813059,-18362.3005965,-2858422.575626926,-501598.2604028549,-13677.750533999995,-13192.828624499998,-81744.66500013437
0.6715479157782066,93.47,-106.095,-12584.979311939069,-2208.42215,60.22,-62.355,-359.9030201692442,-113.56484999999998,8736.6409,-11256.149025,-158381704.28193432,-4877128.392610622,3626.4484,-3888.146025,-129530.1839269434,-12896.975155522496,-19833.3993,-2352636.032573889,-2670406.7602003505,-412842.436721,-468605.0960085,-55585894.13955598,11257.5268,-12778.0818,-1515734.908329941,-265982.363746,-11656.6437,-13231.10745,-1569472.769991921,-275412.3263265,-7510.0362,-67280.27059043851,-76367.82184971192,-9058744.126268651,-1589635.6031873112,-43346.71974918377,-44883.50564530644,-21229.813059,-24097.325521499995,-2858422.575626926,-501598.2604028549,-13677.750533999995,-14162.672443499996,-81744.66500013437
0.19111369474487666,17.86,-10.15,-4693.518007830367,-1151.8678000000002,26.510000000000005,-21.81000000000001,-1744.1564897605112,-595.9600999999998,318.9796,-103.02249999999997,-22029111.28982794,-1326799.4286768404,702.7801000000003,-475.67610000000025,-3042081.860773708,-355168.44079200976,-362.558,-167652.4632397007,-95278.41555895645,-41144.717816,-23382.91634,-10812624.5238799,946.9372000000002,-538.153,-248850.3247751661,-61072.03075600002,-779.0532000000002,-442.74300000000005,-204731.2555015607,-50244.47343600002,-1156.3662000000006,-62301.26981424546,-35406.376742138375,-16372459.786330324,-4018075.397432326,-92475.17708710232,-76080.10608335352,-21287.69477199999,-12097.990029999994,-5594298.922596771,-1372934.49854956,-31597.804501999995,-25995.779562,-2078895.3521066457
0.26211851659490415,17.86,-25.57,-4693.518007830367,-1151.8678000000002,26.510000000000005,-31.210000000000004,-1744.1564897605112,-595.9600999999998,318.9796,-653.8249000000001,-22029111.28982794,-1326799.4286768404,702.7801000000003,-974.0641000000004,-3042081.860773708,-355168.44079200976,-913.3604,-167652.4632397007,-240026.510920445,-41144.717816,-58906.51929200001,-10812624.5238799,946.9372000000002,-1355.7214000000004,-248850.3247751661,-61072.03075600002,-1114.8212,-1596.0794000000003,-292969.3940487716,-71899.58807600003,-1654.7542000000003,-62301.26981424546,-89196.16288635254,-16372459.786330324,-4018075.397432326,-92475.17708710232,-108870.24809085112,-21287.69477199999,-30477.39951399999,-5594298.922596771,-1372934.49854956,-31597.804501999995,-37199.829442,-2078895.3521066457
0.5020050077241741,110.69,-107.68,-715.3568226744775,-3701.3963,50.650000000000006,-39.290000000000006,-10189.34800095057,-258.5217,12252.2761,-11594.9824,-511735.3837469238,-13700334.569653686,2565.4225000000006,-1543.7041000000004,-103822812.68447536,-66833.46937089,-23838.1984,-158365.69340367583,-154059.24533117545,-819415.1128939999,-797132.7071679998,-5295638.193254134,11212.897,-10907.984,-72465.64613692458,-374951.44519,-8698.0202,-8461.494400000001,-56212.73912576045,-290855.721254,-3980.077000000001,-2255717.860450437,-2194377.9854847146,-14578039.222169075,-75429629.98026165,-1032180.9524962928,-800678.9659146959,-57231.533946,-55675.233312,-369870.52380880894,-1913782.52769942,-26188.248210000005,-20314.635186000003,-5268335.134194686
0.6516280642238237,110.69,-113.7,-715.3568226744775,-3701.3963,50.650000000000006,-62.010000000000005,-10189.34800095057,-258.5217,12252.2761,-12927.69,-511735.3837469238,-13700334.569653686,2565.4225000000006,-3845.2401,-103822812.68447536,-66833.46937089,-25170.906,-158365.69340367583,-162672.14147617618,-819415.1128939999,-841697.5186199999,-5295638.193254134,11212.897,-11517.81,-72465.64613692458,-374951.44519,-13727.7738,-14101.074000000002,-88718.5531480887,-459047.169126,-6281.613000000001,-2255717.860450437,-2317057.7354161595,-14578039.222169075,-75429629.98026165,-1032180.9524962928,-1263682.9390778898,-57231.533946,-58787.83458,-369870.52380880894,-1913782.52769942,-26188.248210000005,-32061.861234000004,-5268335.134194686
0.0,15.64,-14.54,-95.537770602545,-1183.0296,1.2199999999999989,-1.0749999999999988,-1.6600674602632297,-2379.53045,244.60960000000003,-211.4116,-9127.46561170451,-1399559.03447616,1.4883999999999973,-1.1556249999999977,-2.75582397262481,-5662165.162477204,-454.8112,-2988.4214644476074,-2778.238369122009,-37005.165888,-34402.500768000005,-226048.02108164117,38.16159999999997,-35.47759999999997,-233.1121602702096,-2886.5922239999977,-33.62599999999996,-31.260999999999967,-205.40620679547152,-2543.5136399999974,-2.622999999999995,-51.92691015703383,-48.27476174445472,-317.19828840675586,-3927.817886976449,-4.050564603042277,-3.56914503956594,-74431.71247600002,-69196.74548600001,-454670.0685477414,-5630109.912902641,-5806.054297999996,-5115.990467499995,-7900.362141501041
0.0,15.64,-16.740000000000002,-95.537770602545,-1183.0296,1.2199999999999989,-1.3649999999999989,-1.6600674602632297,-2379.53045,244.60960000000003,-280.22760000000005,-9127.46561170451,-1399559.03447616,1.4883999999999973,-1.863224999999997,-2.75582397262481,-5662165.162477204,-523.6272000000001,-2988.4214644476074,-3198.604559773207,-37005.165888,-39607.83100800001,-226048.02108164117,38.16159999999997,-40.84559999999997,-233.1121602702096,-2886.5922239999977,-42.69719999999997,-45.70019999999997,-260.8181137449476,-3229.6708079999976,-3.3305999999999942,-51.92691015703383,-55.57905856961294,-317.19828840675586,-3927.817886976449,-4.050564603042277,-4.531984166518614,-74431.71247600002,-79666.67946600002,-454670.0685477414,-5630109.912902641,-5806.054297999996,-6496.118128499995,-7900.362141501041
0.4846892764926489,48.84,-41.845000000000006,-3863.359920683298,-99.20565,61.82,-42.085,-30751.336374026097,-918.65285,2385.345600000001,-1751.0040250000004,-14925549.87674206,-9841.760991922498,3821.7124,-1771.1472250000002,-945644688.7885004,-843923.0588131225,-4087.419600000001,-377372.9970523446,-323324.59176198527,-9690.407892,-8302.5208485,-766534.26423067,6038.5776000000005,-5173.715800000001,-477665.820593283,-12265.786566,-4110.862800000001,-3522.0936500000007,-325179.0045239132,-8350.1395605,-5203.3894,-3003790.537014869,-2573579.3411422446,-237606960.9097258,-6101412.626707803,-3802095.229284587,-2588339.9826017767,-89734.010388,-76882.05701650001,-7098173.203422971,-182271.10621720497,-113582.238374,-77323.0103845,-56499605.60261548
0.755946636871045,48.84,-55.835,-3863.359920683298,-99.20565,61.82,-81.555,-30751.336374026097,-918.65285,2385.345600000001,-3117.5472250000003,-14925549.87674206,-9841.760991922498,3821.7124,-6651.218025000001,-945644688.7885004,-843923.0588131225,-5453.9628,-377372.9970523446,-431421.402342704,-9690.407892,-11078.2949355,-766534.26423067,6038.5776000000005,-6903.4394,-477665.820593283,-12265.786566,-7966.292400000001,-9107.24685,-630152.6366626528,-16181.4335715,-10083.4602,-3003790.537014869,-3434001.7328874944,-237606960.9097258,-6101412.626707803,-3802095.229284587,-5015850.475967397,-89734.010388,-102585.9637595,-7098173.203422971,-182271.10621720497,-113582.238374,-149841.46636350002,-56499605.60261548
0.578950249661627,20.290000000000006,-17.515000000000008,-608.0169791291098,-898.0853499999996,84.36,-66.65,-24764.34551788569,-1807.8978,411.6841000000002,-306.77522500000026,-369684.6469092884,-806557.2958846218,7116.6096,-4442.222500000001,-613272808.9292251,-3268494.4552448406,-710.7587000000005,-24673.329013059283,-21298.834778892728,-36444.303503,-31459.9298105,-1092102.283014218,3423.328800000001,-2955.1308000000013,-102584.6247186634,-151524.96025199993,-2704.657000000001,-2334.7495000000013,-81048.66331791035,-119714.77715499996,-11245.188,-1004937.1411158016,-867495.023491536,-30114285.103788733,-44480991.823902585,-4178240.3757776734,-3301087.2575341626,-73364.49272400003,-63330.65993400003,-2198465.1178603275,-3247293.056954459,-305028.51681600005,-240992.7767400001,-89542811.5604508
0.8483505562818097,20.290000000000006,-23.065000000000005,-608.0169791291098,-898.0853499999996,84.36,-102.07,-24764.34551788569,-1807.8978,411.6841000000002,-531.9942250000003,-369684.6469092884,-806557.2958846218,7116.6096,-10418.2849,-613272808.9292251,-3268494.4552448406,-935.9777000000004,-24673.329013059283,-28047.82324722584,-36444.303503,-41428.67719549999,-1092102.283014218,3423.328800000001,-3891.526800000001,-102584.6247186634,-151524.96025199993,-4142.000600000001,-4708.489100000001,-124120.58611941648,-183335.1433489999,-17221.250399999997,-1004937.1411158016,-1142379.258740067,-30114285.103788733,-44480991.823902585,-4178240.3757776734,-5055393.494021185,-73364.49272400003,-83398.32551400003,-2198465.1178603275,-3247293.056954459,-305028.51681600005,-369064.256892,-89542811.5604508
0.5457543789742897,80.75999999999999,-75.42999999999999,-2243.07683576086,-1002.9954,50.290000000000006,-46.135000000000005,-1363.112776964134,-34.612150000000014,6522.177599999998,-5689.684899999999,-5031393.691126952,-1005999.7724211598,2529.0841000000005,-2128.4382250000003,-1858076.4427228728,-1198.000927622501,-12183.453599999995,-362301.7705120941,-338390.5714428833,-162003.81700799995,-151311.88604399998,-4499591.496229395,8122.8408,-7586.749400000001,-225608.66814082733,-100881.277332,-7451.7252,-6959.9261,-206968.69963565457,-92546.385558,-4640.258300000001,-220169.97573524687,-205639.1935328092,-6115133.389075817,-2734391.6899525044,-137101.8831070526,-125774.41593048064,-5590.554468000001,-5221.588949000002,-155275.42380176057,-69431.65446822002,-3481.290047000002,-3193.663080500002,-94360.52780639831
0.6006365257582524,80.75999999999999,-86.08999999999999,-2243.07683576086,-1002.9954,50.290000000000006,-54.44500000000001,-1363.112776964134,-34.612150000000014,6522.177599999998,-7411.488099999998,-5031393.691126952,-1005999.7724211598,2529.0841000000005,-2964.258025000001,-1858076.4427228728,-1198.000927622501,-13905.256799999996,-362301.7705120941,-386212.9695813048,-162003.81700799995,-172695.74797199995,-4499591.496229395,8122.8408,-8658.9322,-225608.66814082733,-100881.277332,-8793.956400000001,-9374.3401,-244248.6366460001,-109216.169106,-5476.0781000000015,-220169.97573524687,-234700.7579376845,-6115133.389075817,-2734391.6899525044,-137101.8831070526,-148429.35028362455,-5590.554468000001,-5959.5199870000015,-155275.42380176057,-69431.65446822002,-3481.290047000002,-3768.917013500002,-94360.52780639831
0.573310908735191,58.1,-46.855,-9984.093786062876,-318.51005,68.86,-51.9,-22711.27041037108,-930.9828,3375.61,-2195.3910250000004,-99682128.7288993,-101448.65195100248,4741.6996,-2693.61,-515801803.6529969,-866728.97389584,-5444.551,-1160151.697940506,-935609.428691952,-37010.86781,-29847.5767855,-6360068.422007151,8001.532,-6452.8706,-1375009.396216579,-43865.204086,-6030.78,-4863.549,-1036348.9349933264,-33061.34319,-7147.668,-2639049.62168512,-2128273.150155874,-453502907.55555904,-14467535.747941624,-3127796.1609163047,-2357429.868596518,-108180.20136,-87242.398188,-18590039.176822837,-593054.7563542799,-128214.951216,-96636.01464,-42287604.23640883
0.8067178324735274,58.1,-69.345,-9984.093786062876,-318.51005,68.86,-85.82,-22711.27041037108,-930.9828,3375.61,-4808.729025,-99682128.7288993,-101448.65195100248,4741.6996,-7365.072399999999,-515801803.6529969,-866728.97389584,-8057.889,-1160151.697940506,-1384693.96718906,-37010.86781,-44174.1588345,-6360068.422007151,8001.532,-9550.1934,-1375009.396216579,-43865.204086,-9972.284,-11902.375799999998,-1713669.8574398316,-54669.06498199999,-11819.130399999998,-2639049.62168512,-3149826.0932143647,-453502907.55555904,-14467535.747941624,-3127796.1609163047,-3898162.4532360914,-108180.20136,-129118.004532,-18590039.176822837,-593054.7563542799,-128214.951216,-159793.887792,-42287604.23640883
